PIDN,Ca,P,pH,SOC,Sand
09gt9UK5,-0.5928606115190479,0.2291887620455717,-1.3126995602776632,-0.3123059789149494,1.5059360288255048
0BVvxJ6a,0.6359508773433808,0.4902281783318596,1.1467412052578387,0.031409508363122285,-1.5749611271212465
0KbdgApg,-0.13900377482012738,0.3604656653120073,0.3375778590750207,0.2715849245689319,-1.091474659283307
0MnuuduB,-0.16669570093476183,0.07038508219572082,0.03853473801102858,0.6876874504018207,-0.9258237413420563
0PcIsF9z,-0.5016254580086313,-0.35256770902156953,-2.1246750998474253,0.4347682637709134,-0.5201585617033166
0ShTFLYJ,-0.3220978094199267,-0.3962871767384164,-0.5378244429413486,-0.5785413036238558,0.4664561834281673
0XZh9jka,-0.15152867229854294,-3.0735536052468966,-0.695165545236125,1.2492255394967127,-0.5523408331638278
0Y7Wegri,-0.623788377684742,2.4836208405935585,0.9037655520342915,-0.018026219692151235,-0.11905501284047615
0dTqplIM,0.06770453349336192,0.4616387675714879,0.7749038748603083,0.5117056789482446,-1.0698940488889026
0lNiZicC,-0.6672817710175405,-0.0034739485894839106,-1.4699610764073348,-0.15345674848179502,0.09121423326229028
0rGeJ0QN,-0.8265642853286632,0.15711467474048213,-0.48789571642153806,-0.01483479047216818,-0.31661017334834907
0sXI9ytQ,-0.28322297123691675,0.0971265924955893,-0.460322782990469,-0.29154850789291986,1.5574670029514763
0ukt4aP6,0.652881837612044,-0.3507842644911725,1.2351013393103987,-0.9770239593760754,0.4935083825516338
1AGspb8f,-0.3259050850216094,-1.1799378910102307,-0.7469871616209796,-0.4101467347592589,-1.03361397095914
1Csy0gvE,-0.5130694136901628,0.4319928769985051,0.07548584755367704,-0.5538040013287104,0.8443499618465218
1Ic2hly1,-0.5333969704524816,0.058437808311671,-0.3326845039851851,0.026453308573214374,0.8330064506381349
1PPbaTwt,-0.4249610082030685,1.0793397218176977,-0.760253485723541,-0.2393229312074121,1.0054832940343719
1SO5VJNy,-0.33437475340346745,0.08746957341562656,0.3313749818174956,-0.430913697350388,0.44909805887237475
1arHxK3Y,0.7408978493770739,1.043241576831441,1.6686274562051326,0.3641781800245858,-0.2050482194294887
1fCW4Bba,-0.5148157051663038,1.7816817807177916,-0.3824000652524129,-0.5033424184504374,1.0165248942653426
1qDZNvIm,-0.6636556529775982,0.4613344234142125,-0.22090362643387063,-0.8141722140058136,1.141372297762927
28LYJC2V,-0.4601517945967527,-0.19915544780911798,-0.9846294961227384,0.4438224166648461,-0.7601651516017356
2CzACvQq,0.5896248508739879,1.0594982006552995,2.0591326337526663,-0.40047004130791963,-0.47412791900678153
2FT3crfv,-0.2876000048580418,-0.18036302978057872,0.4662565290416527,0.10555391403695458,-0.7555962511105789
2Fy2uHVg,-0.46648055822147383,0.7172698440491527,-0.7139732535189656,-0.6901698845181108,-0.5080819328967505
2MkMEApm,-0.4508158017816205,1.2913622310504862,-0.03220870345375526,-0.48168357704558007,1.6665096589799295
2NDGWEOe,0.8021810270445195,0.6524408967139261,1.469988934681921,-0.6609291714738741,-0.5172477137187534
2NyyCiqn,-0.3620526327015141,0.3352462836915362,0.1563751000119855,-0.5521788497628175,0.5928570260781381
2QRzIb84,0.19281041423695822,2.1047567920769485,1.6598350311082863,-0.5218556646828394,0.2792569375158962
2QcbdrUZ,-0.602096806040943,0.0028245935587625226,-0.06600852053665474,-0.3817654689668859,0.42312100767836996
2YgAimWK,-0.4133865030643502,0.7428021939509861,0.040272299745000684,-0.49392290406945216,1.419466199571123
2cx85d9H,-0.07737079843143313,0.4035096307792987,0.2851361833562036,0.3060589797522433,-1.3733543972453433
2homMXMV,-0.585448955945546,0.18342609084820438,-2.0957695657933537,0.3967840001278302,0.5110277136111897
2ldLrUtq,-0.4176692930527418,0.32586401008393384,-0.11196298480516842,-0.44571374770519556,-0.3655402080431902
2nsACW6G,-0.02690484417670591,-0.5013404283675222,-1.1667757998617616,1.5098111159856975,-1.1764697331569227
2yMbVnWc,-0.6882516091277133,0.9987302929056145,-1.970199648274467,2.7191820809863376,0.8028579365613917
36r8sgGQ,-0.4189259299817867,-0.13510434315336184,-0.14890527264154452,-0.6623320248962798,0.48065931231570247
3NXAXCl3,-0.4338010777961743,-1.6528449007400026,-0.8220980245740361,0.34573277105229927,-1.1523362133904969
3QG0z6fl,-0.6759085059646323,0.9890679108058706,-1.366184139832158,-0.18953150729557677,1.0861845363310825
3WS8R9qm,0.2352653752860725,-1.8951469282475646,-0.7968835407618782,2.2280625916445507,-1.2661037291235249
3fRLm8f5,-0.22394090718652182,-0.12630113685295186,-1.024200026126814,0.23102137466043504,-0.06517571996424121
3mZhp1nQ,-0.568198134821085,-0.4681033614576089,-0.10966335012497663,-0.3910766588820054,0.5176958680093016
3pikJXRL,-0.436794845099272,-1.3130770313264666,-1.079865569154308,0.6208557795682594,-1.258562874714039
3pxOEGHL,-0.4537534884130282,0.02215862223250742,-0.40957505810317363,-0.677883564966733,0.5971931986908121
3ttdV3f5,-0.6715369977453916,1.9212247778416605,-0.5291774097879469,-0.025621359702053814,-0.4023907774975515
3v4X6Mfe,1.2854060502380746,-0.9950750002226796,1.4753896421809956,-0.9690398348519831,0.02202836238352679
3wORuPiv,-0.5929870964149332,-0.242912469248048,-0.4743767373173964,-0.4037276769409872,-0.4772839195915255
43EfrxZj,0.1632023373077227,0.9873157087863622,-0.16214440098949257,0.187131530656502,-0.3700615903529265
457Vwm21,0.03637745095947187,1.8249937879261973,0.6881610431575571,0.6886644033792568,-0.9849436541959538
46KNnOdx,-0.4968173681283726,0.03718154706944077,-0.8385409273560076,-0.3657066308678467,-0.38100613868378974
47TwNsVC,-0.2443111245253774,-0.45165938740510914,-1.0751410515783588,1.4119538540064702,-1.0143928824876673
49856RpO,-0.30061233830024947,-0.5789428590561347,-0.7953568820958017,-0.6139393783211053,-0.9882535226426623
4Ane1o2N,-0.25702210684929816,-0.1774347775015146,-0.31440410320055756,-0.4918942765068999,0.14885821388345866
4AyVUgSc,-0.5252477037690695,0.002213874131997695,-0.6944331607198464,-0.32937902271634156,0.002356806409904766
4B1951On,-0.1771447022244781,0.5525182170242182,-0.05866330179849055,0.11142792764971943,0.5504529733252439
4OL39Teo,0.11730983781189641,1.1087079410742113,0.06317625928687498,0.27875529890552997,-0.09332840874095294
4eQ90eLY,0.03569540038978447,0.937871559690314,0.039561908263543666,0.588734848374949,0.3553756944922515
4o5jwMj8,-0.5349091253891542,-0.38440215308607417,-0.5476693805871151,-0.6768123816926215,-0.1415297972251397
4vPgpl2c,-0.45921354036266937,-0.25921440865899337,-0.5140197338348074,-0.965958384129268,0.39584295115384827
51r9aA0d,-0.6117361910846385,0.6586327108012906,0.03978675029556156,-0.3396775266061218,0.16643146344275972
58SmeRoP,-0.5218649201451337,0.7809295149705573,0.07557979588877783,-0.0811142895868846,-0.7900316453855667
5HJp1AXn,-0.4828651504090141,-0.62117892470435,-0.7909527106273093,0.5372021580105786,-0.0887070772798747
5MBZW7fx,-0.2379517709625154,-0.2725942108895931,0.6957760597696352,-0.8675851469899265,0.21289320007719026
5Nq3gHaP,0.25745624314627946,1.5342082768915302,0.21313558351050843,0.6895606289992631,0.3538942044811033
5RmwFFK3,0.22061195593919325,1.3832943996588625,0.015675719494162577,-0.49407455334035566,-0.9266110990483272
5Tu5Jbov,-0.4429912828542891,0.16814706370486343,-0.8122492887308237,-0.08965052106775895,-0.48652891392087017
5YEolkev,-0.2814372925806966,0.22034066635087735,-0.10736460598425945,-0.49919661659713954,-0.25171889630607014
5a8sf6QV,-0.026975406248114453,0.5526454567632881,0.7537629141792364,-0.002080615615413617,-1.124457152420778
5eSvmqYm,-0.45117969165798266,1.1290723182051217,-0.26309579232971636,-0.5985948264396952,-0.3456458516101344
5hkN8fiv,-0.4098089201790912,-0.6249296115792049,-1.8569533814638088,1.2661555163835854,-0.9617102395139918
5oK8Gti5,-0.51932573858045,0.30993467445267475,-0.7772722878189793,-0.3712297680480865,1.6372627297170996
5paniGaU,-0.680472383114229,-0.2280479795869499,-0.8397719462427564,-0.8273040900612836,1.6660735785471488
5vsr7ZUP,0.5198500406704798,0.23275750864074674,1.5349324568995315,-0.4721547885921291,-1.2528966222134459
60B4xMWI,-0.5035267885747278,1.078995098763531,0.7129576012549594,-0.518949687304469,0.6951073851044238
64jOUtKy,0.321622657841242,1.6835562215591358,-0.04795415083030519,2.193178502668608,-1.3210386639968226
6AJo4xNG,-0.6821581586872759,0.09486486710628128,-0.3851616111934635,0.17718777255452856,0.6666874127383658
6CAvhEte,-0.37612383775737723,0.5265277581696721,-0.8177765955930298,-0.08398006663050817,0.9582027458031279
6CuGYjT5,2.493984810009538,0.12922939301841962,1.7674156334511262,0.6698010437400186,-0.7920130615698786
6DGH8ujZ,-0.264867382435367,-0.17554583454019923,-1.5475361708660764,0.6128147107172566,-0.5582031298860364
6PzsGdVm,-0.27417684281302446,-0.041477426890806246,-1.1366992822406186,0.6646042962402416,-0.5923146174447005
6UcSJMbq,-0.49658305651445533,1.8069085564211975,0.7392132666001519,-0.7669317706393755,0.26979834178130835
6WJbkH8U,1.231988763221998,-0.1380815833897997,1.9419942374358627,-0.05194223196092729,-1.362638856329506
6eUWsVzw,0.6255433887727888,0.7953193350425636,1.6653168649176895,-0.5493739047359516,-1.444263205498705
6gNyO7Do,0.04186621116589917,0.370733531457236,0.4314521150277051,0.6151108122244491,-1.2529332557930548
6jT0AyHe,-0.044123504829740146,0.14410694832202697,0.8610859097388743,0.3130403894083933,-1.3830680371851618
6nBgCvWu,-0.6094516250445271,-0.08020686566598201,-0.1100404567037272,-0.2191792664439851,0.9085918844876611
6ro5mqg6,-0.1470389896628861,-0.45190508568625365,-0.5223801717483902,-0.4624522200759018,0.35921690468341205
6sGqObX4,-0.7468968583327322,0.1119650094303637,-0.7386930275117574,-0.5929872469563806,-0.7666139247475248
6uEGy0n4,1.8917065298848574,-0.314952290738161,1.9976338145895216,-0.48642195585309045,-0.8854625817891
7BZ4LxP8,-0.06485372822785784,0.27864201062719385,-0.053576718076026264,-0.22923346113314924,-0.6129194594046077
7CmigXKi,-0.43252024681906087,0.10088377533880566,-1.118085093769814,-0.23215478076548912,0.8744902457324215
7Ga0LpfR,0.005294217897962916,2.0914271713431742,-0.6594154639036307,1.8875118781884446,-0.6945328128872013
7PQsFvsG,-0.5043306425365224,-0.14473282711887325,-2.2611938426413936,1.3129697879652178,-0.6011982884424782
7aF7nnwn,-0.706248084600962,0.002521757330698815,-0.6557297893754259,-0.5005442532063378,0.5639057480351327
7asGzfX9,-0.08891551233668671,0.17471256222539067,-0.18876236916516276,-0.4592429977316441,0.21606637071339485
7cg7C92o,-0.45415753282892857,1.0996601449369883,0.05308126131668067,0.7738926759495148,0.3384366001221917
7eOxTpsB,-0.4769056257910852,-0.20958173605491037,0.7710354752978097,-1.0120340341782001,1.384569236960007
7ey0v7ma,-0.4240976441463379,-1.4386017516868987,-0.6888559681169784,0.057929469532727706,-1.4524597811120272
7gocyrYl,-0.3191997687528162,-0.18303504399618653,-0.03512156577245884,0.7822154751161925,-0.15063463098604424
7gqR3GoA,-0.656969852069992,-0.2567075699220762,-0.5048410805233869,-0.6520987831000173,-0.7549267419503223
7og7aUXB,-0.28487211857609995,0.913448715857549,0.5404638712389054,-0.19655465848631914,0.010749110661693928
7onRfa8F,0.2093424728992428,0.28484267655855433,0.7628860509795692,-0.3207304907395918,0.8873892342920262
7umkNuxM,-0.14238673066624963,0.13668168601788322,-0.037337555760016405,0.26862976286253115,-0.727368929792841
7vPr9ExD,0.07361521002035687,0.5698043421644421,0.5302996858029547,0.026212401223105974,-1.0423347108571581
7zNjpCzu,-0.6259506047847645,0.6008316122492037,-0.4312770885918882,-0.3405077137742354,-0.6939129441926948
7ztsQNj3,-0.2815342761540469,0.9706519033501406,-0.36586952650408255,-0.5079455375696962,-0.5608636463950594
86gppwMI,-0.9293116877811562,-0.3224068800340061,-1.7140720181018723,-0.44869100611572366,1.1645346738589177
88thAGdL,-0.42292163635411073,0.6486685132405468,0.2526168097927406,-0.36293812206691767,-0.01375073138886651
8GhU8STP,0.7498194927167487,1.287370503424032,1.4906777266563689,0.4852201542020098,-0.6208116260561529
8NlzDcWe,-0.35428592282914695,0.322117297142996,-0.9139899477201232,-0.25366793292213163,-0.18528203756376826
8QAejdLW,-0.28619359569070446,0.2485749209450474,0.4450755775969999,0.3137994526150183,-1.03482452034481
8RDeFxWM,-0.3521939985171234,0.7819945983499399,-0.08009468924342289,-0.9607626595599159,1.097919484278596
8UXP2NBS,-0.6979351315293972,-0.18251528643772996,-0.5244606507195195,-0.9247151084934888,0.7107650006765012
8ZoV3KGT,-0.36489994860709873,0.9886739429875533,0.20230691489148134,-0.2761034979772736,-0.7408196146795172
8ajs2uG8,-0.34391788098795373,-0.3590996842836707,-0.8064910291065885,-0.46342680037345385,-0.9535017241620096
8bXnz62p,-0.42107138780975006,0.3796936986955193,-0.24044522094650755,0.5811531894170239,0.6750745868313486
8nO1O1LG,1.1802840871616072,2.663682889058855,1.8075173040016366,1.182036002181189,-0.5980092444751848
8xE1p8g8,-0.42048972193479783,-0.044863043213319465,-0.3437806242860826,-0.6334535466353715,-0.2235438833310308
8yMDVMRM,-0.21843291006916576,-0.015203378380934218,-0.9414562327679707,-0.4855907907584611,-0.702561060623297
98R5VaPi,0.45657240682848244,0.985789530452081,1.509300175405804,-0.8998984404001216,1.160968134669615
9DcTz2Ua,2.5845922698139416,0.14016387461864355,1.6908983095680894,0.6694646922661411,-0.2876168726651114
9G7nfUrK,-0.39896395916125704,0.7001469437996257,-0.3009121377083761,-0.5408653923672566,1.2843477845725515
9O6GZ1HT,-0.29740720509320395,2.0868934505683434,0.8531816365346265,-0.8677231650219621,-0.1003116288649668
9S7fCoAM,-0.587792308631616,0.06618100256091974,-0.14494667956154772,-0.3472980670022596,0.7662161363070235
9iQwmFJR,-0.3501731865059018,-0.06154387767680092,-0.40515628868023645,-0.378938365279756,0.7628033976783459
A3Mt6SAQ,1.4373493337624939,-1.330371037363216,1.7475490962318148,-1.4246847022279563,0.37457495955581593
AJIsQIcV,-0.33387228155594506,-0.01894057791789905,-0.8152403150358896,-0.05562556810418484,1.0552757745265928
AMHKXMh8,1.6760363223171555,0.8670955010391186,1.9122649454004468,-0.4347367568761329,-0.6172996868790692
ASwA2J4E,-0.1904718771908891,0.06531646857388163,0.317843410009111,-0.4034289634800694,0.36013781562901637
AaFvEoHq,-0.5969647817324747,-0.08836186824906722,0.3233841946569955,-1.2341040113950759,1.0624946593663755
AiIPD6hX,-0.08367438576947328,0.272577802386341,-0.41971610979832663,0.5136866287658803,0.23012931874430786
AsIURvJS,-0.30096472126319496,0.33542777710585847,-0.2877153860318242,0.9657192706124298,-0.7121498923852847
AsvgbJ0C,-0.2776824999323202,0.1651986735198796,-1.1852406608587853,1.0398816001055669,-0.3402959923762683
AxEhbkCM,-0.5255087669832466,-0.5738033528490551,-0.46391281491773917,-0.9374305027524508,-0.10256133326510797
B7VPkIpx,-0.6167689755609737,-0.009928082919357983,0.3569371950229756,-0.8290082570237827,0.9271669027549952
BBwHqHiH,-0.13825905314095932,-0.19166113727034917,0.6462182125511122,0.06745962553416596,-1.2499779300548717
BMyps8hr,-0.12246623656557487,-0.6398104935917832,-0.8526605555884532,-0.020099688603247845,-0.919961671558629
BUHS4dQw,-0.014431623114209202,0.7113789488322642,0.3479165094318717,2.811167581116772,-0.8469199414573316
BZB3EYWQ,-0.12716177777406257,0.16383610277970195,0.11958374026645524,-0.6081895670066593,0.9128893681722017
C5UPCZcL,3.62733246799219,0.543183880739714,1.9515476242886873,0.7265034373939874,-0.38546447253951777
C5gIfQbJ,-0.1588465132227559,-0.9852343597049691,-1.1492271237859026,1.189893654594695,-0.9581090591249435
CDRuu4Pn,-0.14920872969965515,0.2389233528752963,-0.282268258524526,-0.5591831557610725,0.8671717502435449
CQhTYkqE,0.7053210274591131,2.130938769984259,1.1099608320262364,0.10320916825658522,-1.8191458064857597
CSEobMXv,-0.4063709096302871,-1.2645775021288062,-0.8747571175874054,0.5608818307991823,-0.9283445752883008
CYMQE4x0,0.04479500140277004,1.5102935591272661,1.7174314909390638,-0.0959771023878937,1.1130282197927446
ChQdtl4J,-0.6637789415338565,-0.4787825712652527,-0.18034406006909864,-0.9217062166646857,0.623812424183207
ChnD1nrN,-0.49418390717745575,0.01119148673618886,-0.8948958979157373,-0.3135900979837918,-0.1668210219578672
CvtbbIcq,0.9151449749740417,-0.6659764679293545,1.0642399373867508,-0.5960471505811404,0.2360273940658274
Cxk06b77,-0.44682868446823587,0.2650682967400777,0.15732472091114968,-0.3210510481793296,0.3299198758794668
D3QD3ZEJ,0.14814257753509485,0.4257355799207794,0.09776577805707398,0.46572585569764113,-0.10866232741148418
D8J5C6lA,0.49041094046660705,1.682017084661985,1.4095042215986007,0.2824629133653094,-0.26123697340982854
DCeQwYfT,-0.4389240138134647,0.3946998180084993,-0.24071310677986624,-0.1696743396873912,-0.9820657125573498
DDEftkx3,-0.6565951004427711,0.16329609590189476,-0.8566632166511652,-0.7318357066479471,1.454649029786401
DEwCfeDW,-0.7928924920291998,-0.09531931287232975,-0.5998481757000964,0.138524002618847,0.8453912284481375
DMkIV4oL,-0.5115574525275675,-0.13682224676523713,-0.6632275463002757,-0.7341455104200132,0.13794470575389017
DnzGfbxS,-0.13006875814648078,0.2189438031037918,-0.4863895661672273,0.3516458383346739,-0.7875642411839137
DoZxo6f6,-0.3481689781546511,-0.30492436594943717,-0.314291560179933,-0.978198971686278,0.6132070450713284
DvhBPGIk,-0.4015360064644188,-0.12250647712631046,-0.5025571874891055,-0.4674393043088334,-0.3824672486294909
Dx7GoUcT,-0.6752729161242725,0.1900472028026945,-0.12466336164882619,-0.39720954614935255,1.061465817845915
E5hIjohO,0.5395325817104819,0.6069489691127905,0.2925715808494114,1.2397077227016569,-1.1991227027828373
E6x4XGHt,-0.4289947880821877,0.6883594701164557,-0.6640911691795881,-0.26125637605005947,1.321697937029799
EDEpAzh1,-0.6401233522030606,-0.398446274725607,-0.5598509007933767,-0.8496748268049328,-0.7028242904552806
ETGudkQt,-0.43336313873286547,0.6133943744409649,-0.06299962656363656,-0.6010555683505836,1.0204545295351255
EUleKrLJ,1.9893897103058156,-0.019508604403106755,1.7708574343791386,0.4204792041130869,-0.26896804010403974
Ehw2Jz6s,-0.11835742927923643,-0.7236360512485058,-0.6970486240908995,-0.4509338654008004,-0.4587116804474636
EjqzC4zH,-0.4531798881008098,-0.46563558363670277,-0.1740586753374671,-0.8764085088399121,0.827006541631113
EkMZO3Qj,-0.6943963549980925,-0.008783604484752239,-0.34593641809720843,-0.755688117790879,1.1012010460225938
EnoNXWvU,-0.5475356447506676,2.1124651718097613,0.8276080526626468,-0.8430223508212795,0.23269165721587215
Epv8ANwr,-0.11458291041782775,-0.03414945219845533,-0.3936543417950573,0.4912591111692992,-0.41859698211866303
Etro9j0B,-0.9530034835454679,-0.2850164721175479,0.33169017165167647,0.131867477155569,0.257661503222683
F3MIZj76,-0.24617303406448787,-0.9073805004567834,-0.22981073305947142,-0.5436012180192593,-0.909404038999186
FB8tU00K,-0.427648794282413,-0.4074045427755282,-1.018746758220431,0.24595884626472975,-0.639788268299273
FLhxBGMK,0.001611904946287046,0.7965801252149851,0.9850006059223427,-0.20142503202043205,-1.253304910892492
FRreR8ka,-0.5296867673990514,-0.6575310428318963,-0.4257285682330614,-0.3627610336007252,0.38386520277005404
FXne4oAV,0.13564185640534343,0.5142859721497768,0.7505766032800889,-0.5313641138323577,-0.5365781401642744
FaW764jk,-0.47176141588730425,0.3375920410618809,0.2790550523066584,-0.29453066783231296,0.4887283253380339
FeAbMXly,-0.7189449377725549,-0.20344401218453756,-1.0622081126274185,-0.7673515823371839,0.2850353578221748
FeudaFXn,1.9310519630046956,1.3062143110978608,2.3470876310353215,-1.0450427777350146,-0.9166737591229615
FldUmFeM,1.6438482349196781,0.26217651766321604,1.6097307390951345,-0.8969411855233962,0.35751164912743083
Fnv5tfAm,-0.1898373103339721,0.2933733598040158,-0.770343895199848,-0.39988847704443,-0.8328574393603085
FvrAd3Or,-0.47746797007520003,0.4382505531162324,0.7382142244609802,-0.5814625544778331,0.615196800791907
G48zHffi,0.0066249991353637405,1.9437723036336214,1.3602677149428017,-0.7088485896824435,0.5648355520932243
G76zCv5N,-0.2831550880808551,0.26050348964403547,-0.0659752601791812,-0.5324081478166289,0.11596921061664878
G7JGUdNf,-0.06433833986593718,1.0244866856767842,0.8316027907750565,-0.16385567575995053,-1.2409599316959312
GCo6MONx,0.8218823689360883,1.4305529382655773,1.5670150288718103,0.46876957219521387,-0.5424132089514537
GE0vbpVQ,-0.17404297501911836,0.7487902841446519,0.23039095432246315,-0.4241145608924053,1.0650995771748952
GN0DfOqt,-0.47088389435480293,0.5400467293514515,-0.15669984887904076,-0.5888631636394228,1.1972931503751043
GNsTAb1v,-0.4323636301882209,-0.7268952023810349,-0.7800416576659983,-0.3445876155756924,-1.2277347632795275
GPwmO21z,-0.25564476921940893,-0.12531551403741537,-0.5592597590484827,-0.10836370983284516,-0.5914558516757451
GQYpfLoh,0.3001525735396138,1.5136577487330531,-0.11986549831340221,0.08507766143656492,-0.7954342343685714
GR9knT8n,-0.49332293270294614,-0.15257769817774536,-2.140392113543066,1.1592141497337312,-0.6429364796521311
GXtFFbZy,-0.2619897492947382,0.9133958798310222,0.5388692027094644,-0.17785608012541543,-0.33368002456877055
GYvzvvFD,-0.6431002409975007,-0.19321426490731541,-1.46841428986921,-0.6045348237725157,0.08588438864115933
GemPjTJ9,-0.7064442643192643,-0.6442812711826429,-1.6695049261271624,-0.5331511571863885,-1.0989711186189395
GkLYRm1K,2.1384226736958922,0.5635842577498784,2.215523614306122,-0.6536937529322597,-1.022409935982002
GmlqP8eI,-0.3553570996965253,-0.2904747317045149,-0.37070910366681886,-0.8691453721578299,0.003594876332472574
GqkIrOvf,-0.5141178155915433,0.32136288098745025,-1.0677213752718804,0.4728384190217272,-1.4050449443490387
H0fsegPi,-0.47704533920943415,-0.20124897537814634,-0.07800158365930043,-0.3435821274988142,0.17248346666236536
H4dHpJjU,1.9748244571579963,0.6711599725546908,2.0550145150555448,0.245800513647644,-0.21569646321765767
H5QwJCuU,2.2039061902284094,3.0480794840339223,1.5817056250402628,0.3955990196492569,-0.50556153446073
H5uwmSZ0,-0.6201846675438027,-0.09245165158055535,-0.24985427335343502,-0.7414737210572038,1.0985837383516368
H8MtbVoL,-0.40516443668521074,0.9400642187384194,0.48745135473511914,-0.46288130500319014,-0.4907153305821521
H9JrUYnp,-0.523320632005569,-0.5027458996255931,-0.27385697930841113,-0.015278859443667692,0.443467369819587
HHYmmHVk,-0.42776483963342626,0.22250004474948737,-0.7207301618128543,-0.5636325265864541,1.4647895111245328
HJ5U4uqL,-0.41125368197605994,-0.7434581584232047,-1.1178885993736385,-0.8440576232211092,-0.3543256112065314
HNQxYc4w,-0.1385187511634589,-0.565349719994475,-0.37297127671814057,-0.6116926886856064,-0.499134236046721
HQYhKHZ8,-0.38310093667316836,-0.12043361381807927,-0.358045338929069,-0.583372319908269,0.0459915631332376
HSCMx0MC,-0.3873647857746847,0.4871434296314847,0.03989561308662659,-0.9688700540468829,1.0004438162790783
HXYuE0fx,2.0252187671681834,0.17041782465486355,1.6472389277175439,0.16317765617228375,-0.48214630332022645
HdKcxEWr,0.12755658486262234,1.868590012267592,0.33407162669802126,0.431810284689395,0.5524890666096187
HecW1iCC,-0.7228182754986607,-0.17154555256798698,-0.5511567787990286,-0.9558803290608862,-0.6739735207833986
HpbKB8rv,-0.46928069021347885,-1.5821615624495529,-1.5480174512984157,1.52989403205539,-1.120254036094159
HrkoYjCg,-0.0728420140178665,-0.3320198106782106,0.4978968292438388,0.6988953878399569,-1.0775186271263448
I5P2uquT,-0.2945960243814012,0.2223385853456974,-0.13352131570009695,-0.05160290112070909,0.8104209804782927
I94qkDM7,-0.8317940802304493,-0.3766932954340443,-1.787993703285096,-0.701741170909032,0.3545436165890161
I9sQbtt8,-0.324856662956582,-0.927248011150061,-1.337436220881703,1.9577712958275824,-0.83351405018357
IFxgw6ZX,-0.41585141089789757,-0.4737705725521315,-0.345160327416985,-0.7177277713601828,0.1703846594337154
IPPPSyoU,-0.5580711554386732,0.09631405354213385,-0.838775032005223,-0.41673806244752365,-0.9524051328841217
IQOYQubU,1.5914683692879361,0.6122341038401675,1.454959053549787,0.05439959313163678,-0.4619966248005709
IYNE2SxU,-0.5127456914803501,0.5021491670893594,-0.794498812824564,-0.35675921407695865,-0.8422448392463624
IZRFk9kN,-0.08366755209859988,0.42303828949569233,0.10735973878634164,-0.3462522439343023,0.5311451808098117
Iaq3v0t3,1.2114249227753349,-1.0173808479529827,1.7357282169221302,-1.1315412960529225,0.25284909772827724
IbVwu1t6,-0.4147678554364066,-0.39489069829671175,-1.6276649484149934,0.11752559122557948,-0.5425085291338432
IcHKTLyo,-0.16189225899070436,1.2185960193345915,0.6167564269997015,0.2766048866959514,-1.3498401017245651
IpW80wVB,-0.2070009485040788,-0.3739182723732535,-0.8117254618159295,0.055958758370303174,-0.726702668833549
Itb0PYUV,1.4392089859503687,1.074219191084186,1.8271642415050866,1.0077028434156423,-0.6821883755893687
J8fpSwS0,-0.6962033575415382,-0.002391598244775306,0.6991195122167753,-1.158768944294676,1.3039047587304133
JE1SlbD0,0.28537177960571647,1.7570424928919794,1.1293794816553224,2.0189944785737506,-1.1481081836772096
JEB4McNb,1.1110394802860561,0.01021637880395021,1.7237345902239956,0.04794795489543069,-1.414607352101696
JEE4QVeQ,-0.24484521095313805,0.30273692768790106,0.2565112687408142,-0.2736101529001047,-1.2459851608519816
JJSEU2VQ,-0.5964159041647804,-0.10939873925191002,-0.3054613737945422,-0.5879418763699573,0.9209251431213472
JSsVriP2,-0.20782016093310518,0.2796603292820943,1.0195321771911183,-0.6235075419336988,0.18117121865811892
JUvQNiOK,0.17316656211669867,-0.007120116949472788,0.20228733336002747,-0.1798334133416044,0.021161031807875208
JZbrRtm2,-0.2774119228266434,2.1271909985004624,0.9269287218057092,-0.8325347413105018,0.16218305843199698
JcE9G92B,-0.24168120509995283,0.3331276906713696,0.01288802884989182,0.5920113251848524,0.07537471105358817
JnNYpXHr,-0.16818491047641748,1.8502924311927766,0.6252716482704641,1.6098276298123966,-0.9559011521967911
JzpbnOtz,-0.8577425485698387,0.41808153858367225,-0.09960438788684356,-0.8847435565004766,1.1196323534183632
JzzUhPQp,2.152945861526484,0.9098336945989298,2.1295546628159276,-0.37730758449859847,-1.0275874942409167
K05R8dQK,-0.18514279728583505,-0.911848501237122,-0.14859451185082984,0.0832495506616624,-1.0796535481327976
K17pG2mG,-0.2196562295574953,0.7289464888169919,0.880969701091689,-0.959040280133074,-0.03554017129670095
K8BellUe,0.0504788696217755,-0.7551816933939897,0.16593062865080288,-0.02154161060109505,-1.5727628906218762
KJ2eH6rr,-0.5712385141640827,-0.6507514309639184,0.3370065627454133,-0.43377031957637957,-1.160834203355157
KJEJ6Glk,0.25843513471235524,1.424870718599636,1.004836630329348,1.4497764911838777,-1.3092199839589491
KSbO0oXS,0.44875834678390225,3.6679816582690408,0.1997744511698647,2.901019956980245,-1.6344134793431686
KXtvmd01,-0.33507719481008114,-0.0046866782557053455,-0.19011918771482983,-0.6248797443410665,0.34000979229716255
KYiJqBuJ,0.044692177497601016,0.3276612651512192,1.1109050351296075,-0.8667904684489902,-1.073939326607234
KmbAyTcE,-0.15946628781118433,0.5401129072249797,0.3422738853279752,-0.4500237866790644,0.39969750507673296
KnNyl3rV,0.25385784922866295,0.28721183355025826,0.8756015548511629,-0.5931277137724318,0.6082775779304147
Kp2DG8TZ,-0.4070668608519721,-0.30472580190159704,-0.10213908398910698,-0.5987599125917469,0.8506155510195369
KqQtKWs5,-0.5069131502014724,-0.038984437721846454,-0.8280084429993972,-0.21446199523914578,0.014923550637814365
Ku27g63R,2.9797695692613893,0.937834185529236,1.7763297452551365,-0.2457812519672049,-0.36839022681734335
L2aTVqDq,-0.4921856287941295,-0.8569554437413585,-1.9158223835972628,1.179492962369082,-1.100329064590759
L5jvq6G4,-0.46257163957288083,0.4003888771715771,-0.7071859656112602,-0.35749127144335757,0.32166671389340107
L91hYVQl,-0.19588728301397484,-0.13751770928534057,-0.5624469397148086,-0.4344808038759447,-0.12556210569045556
LINAMlbA,-0.4865823002075622,-0.28993005652729487,-1.6106500055744362,0.1032285816009566,0.4896570471619943
LJoUNXSx,-0.41925756593916697,-0.43714078537213563,-1.8439296699941292,0.49348768581981695,-0.5427096449574838
LLtSiyWD,-0.4030786406522121,0.6701815551954313,-0.33255406586489533,-0.5912751261045055,-0.3122627022651858
LQJtV8kn,0.036725879536350314,0.4297325103686771,1.3157116647653284,-0.219254225020185,-1.3979279577251176
LW9uddw7,-0.41444569400783515,-1.5713937560210525,-0.7069641611818112,0.8553796273989829,-1.3856938063485198
LZ6sdBTR,0.48413800819794206,2.1662509503600984,1.2432953893016827,0.07606221935147883,-0.7938439849934729
La2Vhnne,0.014935592267217412,1.0388900911574206,0.08377070700857692,1.5490879439791607,-0.5019089384933073
LaUWSq9B,-0.19642526529210014,0.22836282795707774,-0.11093993768269494,0.24075544033616048,-0.8465802484256357
Lk4SfkPQ,-0.5508034905968238,-0.31401176012719656,-0.47042367871116,-0.21625202463871895,-0.6701329153452735
LllC836d,-0.03329465938894449,0.4971427975075722,-0.576381835984547,0.6942913591607713,-0.10345041646509712
LuGiGeWN,-0.8061242196086285,0.26364770414333716,-1.292337883465391,-0.4240497721735341,0.675247811871983
LzcyHcWa,-0.6003745492855326,-0.11331897567779192,-0.4630352469272503,-0.5001850894941646,0.5844080303262159
M7veP0H4,-0.6056722840830981,-0.6288767484877771,-0.5443238954316287,-0.35555570264489633,0.5147656645728724
MB8aaJUc,-0.4868529021334582,-0.05258541720790877,-2.2008918949418494,1.129698451348236,0.10915647793578154
MDpe2zuy,-0.4601735982534344,1.447093644648516,-0.41668297277992883,-0.7751078934212985,-0.7683131843315341
MEzdmEIU,-0.1832041348702238,-0.19087305513493735,0.008160541780958486,-0.47802884021212,-0.24621749797086134
MVnhtivm,-0.16724039527458068,-0.37859541707516575,-0.4935290519126898,-0.3096961200599311,-0.5562249638603005
MYU7WDis,-0.31815749559728057,0.2325234325263179,0.11812920653444348,-0.8368619287940136,0.7735574727970914
MZFqh6yw,1.5469428202271378,1.8130165087135417,2.115468003661752,-0.5093084705052595,0.3211730973519371
Mdgy4SsO,0.12784599224252657,2.1097279639862414,-0.523309316092996,1.4985970509750692,-0.5578179730242325
Mj8awnzy,-0.28737571777525917,-0.16324314395239448,0.11342046509275017,-0.41360114347510857,1.3070580168750363
MpFPbUJy,1.9916364227204424,1.5396444069047166,2.1241245373591275,0.8093459060345989,-0.8590236043326369
Mqk7MFBM,-0.4853041890355393,0.9235316858913367,0.12398242099279311,-0.6906117165552579,1.2385185070682523
Mqs2t1Eo,-0.5304729515932212,-0.4215573209834891,-0.4792530702016191,-0.3466764517544294,-0.7114100934165521
Mv3jFVxp,-0.12033773891585398,-0.07439572211657541,-0.06495991257112155,0.07832977985847944,-0.05299130491002413
MxODTXvA,0.10952021197639183,0.8227628000033094,0.9411198044474461,0.21386307707085206,-1.282478519622971
N46PbpPM,-0.43255608045033467,0.3643893670279752,0.46292529615577416,-0.7467374345966076,1.0000503749314829
N5S5F9Gk,-1.0944639165562966,-0.05539672706801069,-2.0495497452254496,-0.6255954003782733,0.5263104966845159
NLDg5fqw,0.25189562600737236,1.2234638754352165,0.24771415106960593,-0.31897899448443257,0.5765555210817331
NOho2ZiM,1.6966826209270112,0.46630691974004,1.5993197540767201,0.42299689365513005,-0.6609188357048754
NUuY7PFU,1.6411016373537906,1.201525409400067,1.9339171002211837,0.997307356313079,-0.8980590858101849
NV1e8AEO,-0.4270687116553368,0.36266486611689297,0.13701538491003418,-0.5436186100204936,0.926388152597687
NZLXROKC,0.173468397574998,0.3078531880757165,0.017798657581987953,0.6889332168168985,-1.2952844203768947
NaJo7C6o,0.4669165341821784,-0.032271300023033245,0.9728505959158292,0.04200915596372723,0.21647101238400157
NgsyGkrO,0.0906653696539097,0.30075713304475116,1.0062584765459381,0.6046524515929095,-1.36079677864203
NjOx4Zpo,-0.37572632921504345,-0.851977435821837,-0.7146178783919725,0.3523980447099784,-1.3647244931226052
NmQoI7x0,2.471866688618525,-1.2175190341477151,1.8214201891918702,-1.0665239142873273,-0.03582845983013072
No4wkdLS,-0.5088709312413032,-0.41938321337800266,-1.2188655045422494,-0.1813304632778725,-0.14260447213105243
NouMwhOf,-0.37823431138183117,0.6769487381694543,0.41800937725522114,-0.3133747263120261,-0.5370622212212202
O6YAWd8C,-0.18762049328382102,-0.3724154166782889,0.7013403097301809,-0.10664017865983855,-1.3653840868054505
OAXVphSh,2.2529735146790926,-1.3555803567336255,1.2630761352170023,-0.9125770324681204,0.8047421213495751
OJBBhb6Q,-0.7409127863287045,-0.368097301462075,-0.45964900463745817,-0.70445877760914,1.0351430170515912
OSIQXImL,0.6415235852065297,-0.03587902115546937,0.6362460941045833,0.3114528583568228,-1.2890087060107933
OUUFc5Zz,-0.4597631255371155,0.23288468012706565,-0.1302251550740745,-0.9186886350775851,1.2198487690638937
OVk1lquT,-0.3712707017742358,1.4488958005923727,0.21033116116389317,1.3453856021603086,0.21264820331909673
OXdRxjzz,-0.34129934855189725,-0.35118215312538625,-1.1980402401043162,0.525116363424214,-0.864921414518856
OXxW2ekf,-0.44826534830595,-0.5940271322116146,-0.6376084222074394,-0.695056456859489,-0.398054227419367
OXz5OpqR,-0.3321214065765178,0.1748829487385848,0.5150552178062853,-0.7278043693466958,0.4864577455055944
OcBFW1AX,-0.850903502360985,-0.20993996919717928,-2.0851521385322522,0.21644861614529587,0.7165985146800516
Of9V2rpt,-0.2042173644927493,0.8147144994520472,0.35519130502630025,-0.01973418351681433,-1.0557954359641866
OfLxPhbG,-0.22139281971564995,0.6017674559924124,0.15674861723988331,0.2580482594390736,0.8997683252244476
Ojx2vi48,-0.26308934319424193,-0.42308316529483836,-1.0168975008359031,-0.3095045253400035,0.11776294774054308
P3M32iuT,0.14779316696637945,-0.6561976009741324,-0.5373984329253676,-0.4989334372818237,0.11042548536454277
P7olVzrO,-0.4315655153460928,-0.19878622836674564,-0.3948876137522168,-0.5981551528425881,0.23269425826611034
PAPHErnv,-0.7023249189658071,0.27817960752951176,-0.9061801972300936,-0.4542287643708618,-0.6901605383516287
PBjEtfXb,-0.35657211926640753,0.007863122017597313,0.035798432307508676,-0.44188463299661107,0.35012451162339353
PZGpoBBj,1.724193937781752,-0.38155759392327626,1.9766593620215962,-0.4688026620844665,-0.883558765984944
Pc2RrxXS,-0.697867578352686,0.29302873903785986,-0.08225930916348889,-0.6450937100066074,-0.4119842976362822
PcHQ4FOu,-0.5265052775596608,0.4600448710719567,-0.9685269285673774,-0.2389862849338198,-0.02072066959987473
PeNyTOVN,-0.241796425772002,0.838925860987564,-0.1625571059644748,-0.14936433659320114,0.8444078040869888
PhUPSU53,-0.5852074001456579,-0.294521849066252,-0.40505241670446646,-0.427585767113555,-0.12304368819859945
PmUNeV2O,-0.5147738199269833,-0.720278239121396,-1.2666290740834958,-0.14946852479658457,-0.12119679329007049
PoDJ0uvK,1.6501565193241938,1.6558161602979569,1.5725058791971611,-0.708080967121719,0.05544542509760053
PsUJdJdg,-0.056524578739091336,0.36779029468654745,-0.10658914279586296,0.5412531585140741,0.5658873727151923
Q3xLFx1f,-0.18606885607166923,-0.4899109646489115,-0.6651476333421158,-0.21298154061905494,-0.9656448202001877
QBGxCvdM,-0.16504550584403344,0.2995584794874939,0.4851631694569942,-0.3139787741807787,-1.173655119433176
QCEPyu6L,-0.5250849932973036,-0.31898648507836036,-1.0282158938433645,0.0926875106796301,-0.9594163167638405
QEfwec4s,3.029927821670798,0.5948490854356416,2.2980489958084918,1.6641059361040977,-0.43518799036803135
QZ87Nnr3,-0.793853300003735,-0.5602283158498529,-0.7160591897628414,-0.6912078040064946,0.5798641670137517
QlyGN9jv,-0.6837127041203243,0.6085920709472421,-0.3994241758237669,-0.5338528317785305,-0.4010860985653064
QqgWE1ny,-0.5029875353902759,0.21532069133871978,-0.4489136209337907,0.1676764966688653,-0.6293196706396225
QrjjBpZd,-0.45106547495244176,-1.1337509994526531,-1.1793838369560166,1.185656981769434,-1.0181875336648267
QsaBiX7V,-0.504947343905402,0.39383261076729914,-0.5115086548604109,-0.2045324756240947,-0.3197913602282396
QtBKJuZk,-0.4879256865964059,0.3158265497501582,-0.39594314494273863,-0.1700624490538809,1.137723824567051
QtPRO8OJ,-0.7406631933976658,0.41022024501458,-1.0786873142574094,-0.6526774888589046,0.4603640168912946
R8XcsFnp,-1.1956760026031878,0.6337919455123489,-0.43976226041055533,-1.1783011355129172,1.778614307542353
RROfRt9z,-0.08798435136319727,0.7456666491887209,0.5358349558462097,0.4212745364006798,-0.8839573948911754
RTcbiDGq,-0.5608684507933827,0.17306085268496307,-0.31581589025023815,-0.450417960539216,-0.09982166225407263
RVidM9g0,-0.2817379149452418,1.3106052763861848,1.272485243496894,-0.933372861894842,0.7879201741970097
RZnQSH19,-0.319824988200047,0.22741381936608107,-0.39343542821788136,-0.6063887626269024,1.0833036959011513
Rc4UK7fT,-0.6438887398974036,-0.1384149873449414,-1.445775233738356,-0.38218775334641775,0.35491200183524985
RcKBKh6B,-0.5590877214529321,0.10389791280343186,-0.14770716759607283,-0.34466361330378836,0.9795653197170986
ReM5kDa5,-0.15285053541288818,0.6637357306854188,0.48886191404049106,-0.030686786975550495,-1.213586146540949
RfntsotG,-0.6449088956997319,0.6625388397435072,-0.15477627772295954,-0.5801575259153595,0.7720022914415718
RiXMlzXD,-0.5083365122291268,0.9400103104243769,-0.025758443199394243,-0.509835969675895,-0.47072016773429004
Rik83O3m,-0.4630275047488609,-0.014868503447096337,-0.5312007443682827,-0.04656401959205181,-0.42742755659797527
S3PCzDzO,-0.29150073509202956,-0.08943666719566279,0.3939606478043034,-0.8596798746432666,0.559943871572876
S77BviOJ,-0.5264496374221989,0.4001485989795226,-0.8870687736689029,-0.14997701127704,0.10152640827911319
SDdvtktF,-0.27514022009032857,-0.2491917574269511,-0.7355332135096866,-0.21574104915815306,-0.9014341575807074
SHs1AyfM,-0.3326434485175207,0.887754706426441,-0.17296481491550675,0.027049350490989,1.1251456315679214
SO4zQy9k,-0.31953103596300114,-0.4198812769091531,-0.2465893004993691,-0.5194440883802041,0.08634215708033965
SOOBCoiG,-0.5287437073852256,0.7061162688250082,0.002094903061310216,-0.36392431104872935,0.3808875856262315
SXkkPB7A,-0.7912068415211267,0.7364300213159063,0.6929468863848003,-0.5941989101030214,1.2750495996671067
Sa93dGqq,-0.7787146152994043,-0.17614668080243456,-1.6429323201477044,0.7599090793595833,0.4729450662369984
SonIG72a,-0.6442022218640322,0.463785471178241,-0.4575429015863919,-0.2465591331255852,-0.17338701324059635
Suf6hIBc,-0.23238726929407105,0.09861855103527883,0.0927733949471028,-0.4324855695316452,0.5290893523518125
Sx2JeSRz,-0.02177186052394875,0.8626958968640341,0.5764585537554736,0.5172232037641613,-0.994487859488983
T1Tlftr4,-0.44286131886274227,0.22679231539471223,0.6260957413884045,-1.0116883840515878,1.2868876178001052
T7ulR4ci,-0.17643178765099155,0.059101285938548465,-0.14815552483800953,-0.5696902712709435,0.9896231881876293
TA1NB3Br,-0.24633423815891065,0.09991612097855995,0.25798558322397014,-0.4897365657896331,0.33149763193144044
TFZUskaK,0.09915274047044309,-0.2322871524363732,0.16397335694720216,-0.040404188064603996,-1.1857934850450653
TNL8HGWZ,-0.2523640801927829,0.4719303463648594,0.4183497782000034,-0.3845739862294022,-1.356376895973745
TZ8z1GSF,-0.07783345707628486,0.19774801289645172,-0.5647719306797061,-0.20680921768548632,0.16671850439857971
TqhRvkJJ,2.1797771082110944,-1.7129105030710425,1.4981020692112033,-1.0276053089167432,-0.25248464016015704
TtJCUiY4,-0.8304442671396898,-0.13408235968163718,0.5213726819959577,-0.9737538719274696,1.787681634512082
TwDq0lua,0.6293887532064417,2.883788373975838,1.519784507756795,-0.20657200536868414,-1.357099513489389
Tzyf02sI,-0.5278213828059578,1.0905750257155553,0.6197327336819058,-0.7174684647976117,0.8154518062560758
U3yI6ZS5,2.746469620941533,1.00706886325055,1.9532503530607541,1.1786508116389882,-0.5004737158003814
UBLnXZAN,-0.35859203946311213,-1.1861893931001068,-1.919531981667308,2.0245897660886225,-0.5290180750809801
UBWDzleg,-0.3268517894549642,-0.8532923452487289,-0.6304366798806185,-0.09836209737723633,-0.9756732420265328
UBqkX6SY,1.4506719087189488,0.5903951518131896,1.9073070993467625,-0.0647376537743678,-0.9069550619665199
UCIAi1Aj,-0.9709369513042493,-0.2946299929805236,-1.377430652771925,-0.4041714434785182,-0.24518005132636356
UPbXGvCS,-0.15701982637979128,0.41348041526544854,0.5582039795280482,-0.1240436902913884,-1.3923314400439692
UeWm1l9F,-0.28118541222484805,-0.25398090422548414,-1.708215522018837,1.5701564283099974,-0.6446917971841046
UhucscY7,-0.8736946427404774,-0.4936588099829593,-0.53133311902823,-0.832674356100989,-0.26674058804877987
Uri1SvHV,-0.07041850862387666,0.2986139834780359,0.6051803588660285,-0.043897584685572255,-1.4489448029376173
UzxipGJS,-0.4280490872278867,0.7443429399758377,-0.21483039304849894,-0.40362050985842624,0.8032163191611958
V74zfaAQ,-0.18428449933844204,0.27737049226676236,0.3422438387832323,0.11838297463128122,-0.9644882655566716
VBPxBLTh,1.5940280022146682,1.0239676729822187,1.8794325339241837,0.6534431952220776,-0.42760300093781023
VLG7CXYS,-0.2447045361113137,0.49175672609959964,0.08871038794739206,-0.30773043765452224,0.8520576240008514
VNk52SpF,-0.2168695259423289,-0.4052518173588249,-1.4471572444324745,1.7437457321216772,-1.0442535742968653
VOREKsok,-0.6272305253939063,0.18199498257662983,-0.557039482399655,-0.8423198831895364,1.6593342849768393
VRhTr5pX,-0.4106624879691201,-0.143732965006798,-0.3005524207428918,-0.8604058854728414,0.06563747899357608
VTcG4Kcw,-0.45180923729765454,0.5012517638874181,0.859459915212833,-0.4242909775359771,0.9065796714314603
VeKiWSbS,-0.2351624838132259,0.22360295545429354,0.27183125711910905,-0.44000541504072777,0.28875739800124434
VnU8nJHU,-0.4368637777276353,1.1597413484901429,-0.25853364541955237,-0.39102031170410934,-0.0580856980956761
VueNCxYv,-0.6204924346148386,-0.08868456727840268,-0.5451525386442704,-0.6356011986809462,0.5811697730014919
VxuQTRUl,-0.6285094038118592,0.604166538773641,-0.5831219578281854,-0.7336401034119566,-0.4217913427474784
W5lgaocA,1.1754098438114688,1.2069787573298791,2.013523997706857,-0.7952311904358331,0.5227534403031387
W5mMq9Ef,-0.4175764182138426,-0.4618605512489853,-1.465053579902568,0.5599319668009237,-0.2570777985295847
WDhNqFpS,0.11507305100651521,0.30842153019351537,-0.37937986772820764,1.2962282002717362,-1.1129109041173504
WE6n1kZi,-0.42698919845720895,-0.77719987826109,-2.225015816088557,1.0212535509046243,-0.5332503762475567
WFk6r3vA,-0.4003505809927381,0.4052257744376253,-0.6783965922583945,-0.3122089415003919,-0.34993001553903014
WFyIrsUR,-0.4724464829544027,-2.0561650564026994,0.059926670434848006,0.2480416296060246,-1.289799376579134
WG6ZAsqR,-0.6781502550912546,-0.1750868593960453,-0.7784555736126415,-0.8492977686836247,1.0168398213682734
WMq3CZQk,-0.39153398021685837,-1.0500503037848095,-0.8126833401495306,-0.20041887306367157,-1.5119170211612878
WRskmGjh,-0.4154706222210779,1.3051974296745095,-0.578657905693579,-0.9387319300917456,-0.7806813458087372
WXijSglj,-0.22479563690875615,-0.23171076433722027,-0.894353283952432,-0.06299080564448767,-0.8631664627853641
Wc0stQgu,-0.33262654759863863,-0.38523136193360763,-1.328426066271612,0.6527037984298265,-1.1322312364251563
WewoSCUB,-0.480649043485028,-0.026983000014009217,-1.1324049734845016,-0.42022410716066183,0.11463894862703639
WuHuhHWJ,0.01141532201313944,0.035651778097300024,0.42892890304769904,-0.5866285317652031,0.9621649345752625
Wv7EBtZb,1.2546583449026012,0.7636817812132155,1.6074696727920907,0.1717703761240037,-0.29138714111508746
WyPlxDn0,-0.47551864292392787,0.0786557501245575,-0.2450430547710578,-0.46594983833303827,0.5839832417752656
X3WqoSNN,2.22065206462791,0.7081633326322385,1.5065510439950272,0.8042691793027648,-0.8697133349068422
XDhyP9KB,-0.5627554587926075,-0.06972239993164919,-0.7476053860184106,-0.03551215229850002,-0.4959815064049422
XQxhDRMG,-0.9022594341637924,-0.2922036419487992,-1.8886750891289719,0.04058079232177403,0.670207542639824
XjLNAwxW,-0.03425397744673164,-0.6968697083495843,-0.16608880748953259,0.017255257460332185,-1.0464272626010855
XjfVQbXd,0.6843237336433678,1.0556953146473869,1.3975793731782042,-0.34843176737253456,-0.6537170545552482
Xovczbf6,-0.6768266894344833,0.5447667002181533,-0.7661160721268829,-0.8777450211438853,1.6399857537620304
Y8H4onBf,-0.7062922782270157,0.1537604003742894,-0.44227677585198943,-0.513834480544507,0.5816439751275941
Y8YgzSZ9,1.615746441902966,0.7073685486615324,1.771000163157252,0.38246187021188405,0.25343264147475564
YC4PNV20,-0.5499043326645326,-0.17904944318990212,-0.2855572696006381,-0.25473649442370006,0.9712360019209577
YDHSCRdd,3.669303399457358,0.26781240699423936,2.25995090126153,2.1725001109117157,-0.5570772554841703
YIJ87aME,-0.41974994174346136,1.2725386392331024,-0.6462414798916729,-0.5669717685557938,0.5730329488326382
YKvT4dFv,-0.14276699876399146,-0.0236209619551615,-0.46702280343633307,0.1833239226871355,-0.17113027451547658
YNebALR2,-0.6177023293686218,-0.19996297612291336,-1.404169222975289,-0.8121179403552823,0.2179465982389972
YNrnqFyb,-0.23512694878809692,0.794008846543059,-0.08332867509711783,-0.36046653012052987,0.3141418923885041
YUZ4lR3m,-0.5349077404663121,-0.3865479821543336,-0.1196895174651631,-0.22122661278590838,0.7011461743959646
YYLvjoVC,0.03608837206473803,0.8394558051536696,0.5040582641270244,-0.21683913708807845,0.47103755610275666
Yb8OtMb2,0.21519232914811925,0.4703588350001877,1.0750120912842098,0.06841895762487304,-1.2659355295983374
Ycg4lTYw,-0.037451421610972924,-0.5014160579933677,-1.0976745604249407,0.5987186991933768,-1.124636364670411
Yfk6tekH,0.000514155531261995,1.033675798031373,1.5133017987624713,-0.18040903583174162,-0.7505876917117691
YoSfgmR6,-0.5696873976772981,0.1174820434608459,-0.6134049683461988,-0.3283745273588381,-0.18617283194478906
YpzFvexy,-0.332982430151023,-0.0033802134199758527,-1.097798433951652,0.2958484146920861,-0.3624740886003974
Yxqppfa3,-0.16582470618921663,0.6586031765213316,0.29157593839164897,0.10528892448792071,-0.43050822855856086
Z16jTUvP,-0.29494710015724,-0.2561061605891286,-0.8649407876021908,0.24648864784567848,-0.4448162318921125
Z2BdCCbJ,-0.27189550786111816,0.5242346639896498,0.19371943155476834,-0.6320674278314544,0.9688677048046188
Z2JJMM6V,-0.5728568942740311,-0.040498681605118936,-0.2644513561308819,-0.19745690935814375,0.6471892502152569
Z5jE1OB5,-0.2764355825119046,0.7916319913009016,0.5354342458712935,-0.2630184120435479,0.3926389324485051
ZFsIqYxA,-0.5284932504901377,-0.20944266519340404,-0.31634203340848943,-0.09692795430572554,0.2611628282415165
ZHDVsoRh,-0.2863895813990317,-0.30155401214776223,-0.6268549228615514,-0.07849307087048718,-0.49726819617361073
ZSmfu2Fc,-0.7252006678909737,-0.20849731384418657,-0.09182551379816184,-0.2736574368736564,-0.8693150879339155
ZU8YXF3H,-0.6689916046940413,-0.055999687592439784,-0.6635690923980015,-0.973808589750369,1.3204172725388232
ZXKaNy6Z,-0.5059792775665546,-0.09531109720979947,-1.1808539493290908,-0.12807485467867696,1.1629903800215091
ZbYLo0zK,-0.347722163454668,0.4898887295363563,-0.20960424884144024,-0.3036947031789854,0.7365259224276784
ZedN8Gcn,-0.7393665598641772,0.7395265111064342,-0.035698788650728286,-0.4814201178260986,-0.03929720642918011
ZgD4Dau6,-0.27876474577727817,-0.25764477461875224,0.1323104110406632,-0.807580353958651,-0.8807569444473309
Zgzf79LA,-0.5490228530870765,-0.1958175979665926,-1.1779277289541406,-0.17800821503476927,0.05515038351635593
ZjqzxDOF,0.11531120091560076,1.774705858942991,1.265434578576948,-0.5815485262106335,0.19061721449551183
ZsZ5aDpq,-0.016994690861334316,1.0036735081167891,0.6217930227969697,1.1058494028831314,-0.9943882164653968
ZtyqE7If,-0.3046200467360468,-0.47642270928090946,0.1455134970601779,-0.05955053500576746,-1.2627124038421211
ZvUgz01f,-0.2951521025948569,-0.18732815885404452,0.8630080002983482,-1.3085132647724973,1.186607386740569
ZwrhgdQV,0.389266110564773,1.7362446306422528,1.7149756464958372,0.5756595210144757,-0.5485837967312353
a7bhJGBU,1.9209998464281104,0.40157227291244624,1.7040612577188698,0.41404508552728747,-0.2789132785406132
aHpv6KzP,3.147533869790321,0.8153007826681198,2.164441619471172,1.0001557352582404,-0.359872691542912
aINzEBVN,-0.537147401919419,-1.2377132154860249,-0.9058801511723815,-0.04626106356609472,-1.0423780226995856
aP9EtTGF,2.692626855849624,0.06153952454663658,2.023408423417919,-0.41230165380931805,-0.7843639780641329
aV6EhtSL,-0.49072177023375163,0.6102247296617902,-0.43801039292917654,-0.3602880934480819,-0.22803673138892022
aVZsXKoH,1.6985245221544218,0.09502925270644624,1.792707871955024,-0.5439523160425064,-0.7985211796160043
aYVnVJvc,-0.03447225567078549,0.6122247880879441,0.6583985949741185,0.7842814283682977,-1.3781554164603196
abCzN1zx,-0.5574474004017443,-0.9119394837786468,-1.7590765832425093,0.6102521994933172,-1.0370696709320693
ae7sMiB4,-0.1955659762677433,0.8467385602736281,-0.14027147560110564,-0.2030695975434349,0.4399987031538919
afsVuCGV,-0.7240769173776634,-0.121623278345659,-0.2541908501145662,-0.041491595920252644,-0.6808449928732767
aiwBQETI,0.02110709241655151,0.45582157413142443,0.5655462670051752,-0.21634250910901542,-1.1552526127232463
aiyli4EI,1.487870064940262,3.935189036856767,1.4408838508438917,1.1770500237867396,-0.5403734121745019
apJ7NmzD,1.9199491454568838,0.407790639762756,2.0491136952182583,0.019013253533673558,-0.6539006936350671
atVjNMtQ,-0.3945515021721254,-1.218515626643497,-1.2295604529485638,1.9033989301793726,-1.3180854635108523
b5GirVGV,-0.40915796343499744,0.18251035893348888,-0.11544084492298068,-0.7055236296636873,0.4648669547465893
b9SpMjNB,-0.2550994159197951,1.1419716015893808,-0.04936591082440844,-0.3056003196183261,0.8576522791662824
bAFs37yy,-0.29490037140544856,-0.05179827595186648,-0.23845660286403003,-1.017674765482345,1.1413786224295652
bDia1hHV,-0.2545637860498119,-0.270322776904274,0.1589858162647786,0.04092408002131198,-0.9452283539235979
bFkv5Mtr,-0.4715611931217655,1.2647349786139528,-0.1778772707878964,0.4812350375540859,-0.6693688535279521
bHe2IXgA,-0.008410677449999238,-0.5821223068451817,-1.877198441222474,2.421302611392073,-0.7617451866269886
bWX3vUm5,-0.059924572987671176,0.3225490873274226,0.6170794563801301,0.19332386309706528,-1.219029392115909
bat8tcGs,-0.06628641263214163,0.11885905755822312,-0.08027297385575172,0.15953174024514327,-1.500852561984101
bfjej4wu,-0.6319577485515643,-0.42288276366464084,-1.5193047153234316,-0.5149305745182895,-1.5227836592630957
bh04YDiP,-0.06767529474102618,-0.17731121104347736,-0.2057612714035819,0.0009092088115412178,-0.5536911496805155
c110Fdc8,-0.2513086524477719,-0.10519096346984425,0.1350428626722897,-0.3996192484066996,-0.16964373295975155
c32GUzMa,-0.9660659719629485,0.18110980140637123,-2.038395594405569,0.31993217595094614,0.9016273743874239
cT6uU0B0,-0.48368218042746924,-0.3497050177833896,-1.3503546929195807,-0.3383721190720288,0.9364763832525649
cWXCiFwh,-0.5994957326135564,0.8759522488357288,-0.9163636166995679,-0.629772982866788,-0.7074185337229986
ceNvS3yd,-0.5132833000735374,-0.33143726436382615,-0.8187800418651356,-0.043577070512381466,-0.01169786377966553
cmwdt4Av,1.470568827847472,0.6029817689224406,1.7238159458585152,0.26948742838993334,-0.46768072359451973
cn4EHsup,-0.615439540432931,-0.08402942603535912,-1.973355602702839,-0.05586602185452327,-0.21241479835580712
crVOGGTT,-0.3647847675428365,0.9849238807279437,-0.09263537870271255,-0.5604001468522726,1.6890442621073845
csPEJ1E5,-0.7358660064245391,2.313681724628104,-0.5083613252629013,-0.26641857828381976,-0.2888148314061698
d0UrRtMk,-0.364701230353388,-0.4003907223193264,-0.7048448820054976,-0.36260907330320347,1.3645038085842347
d6LU4G4I,-0.7107889925063722,-0.12612689664540566,-1.2176186192206537,0.3688191641420604,-0.26064091148068647
d74T1DVv,-0.5484308312712924,-0.4718029437782336,-0.9454746593303596,1.11081440250459,-0.9772405671629358
dR6rM1tQ,0.05887027008197521,-0.5603506299549759,0.22627354465280725,0.19493087864443726,-1.3330431782086198
dUNxOoqg,-0.5820832492589719,-0.46054956777079825,-1.461442628062123,-0.2861586694489766,-1.4279330354824618
dUnlyhj7,0.7173441850476017,-0.6052436090920654,0.9981680220931083,-0.798021870189094,-0.24261972038682322
dVDlnZQ6,-0.2537821647722287,0.6997596611862109,-1.3250507481232057,0.43375665783398487,-1.1514539376547925
dVT26GDu,-0.41295935865682964,0.6444766522140526,-0.1402975632051009,-0.3645202663072191,1.3650162060567999
de43ycXY,-0.2804690200518527,2.451078184280802,0.8202905885500467,-0.9281027132931277,0.07281125899271967
dfIn7m9z,-0.19589167071215652,-0.4252390822272485,-0.5602588706824392,-0.33916225005170597,-0.5648881475414624
dhmb9ZY9,3.394654348984629,0.6897282220599332,2.0975308827682846,1.0740626177571426,-0.6452635395875441
dn8kCuyf,-0.34818852735144135,0.3480506622417985,-0.5535563381337445,-0.017158481852767693,0.9133471956825802
dpcquvWW,-0.41420124149809767,0.4362471015106282,-0.23096275559272117,-0.46929281360578434,0.21773960676256698
dqcbIMyr,-0.7480148499157301,0.05631788807487226,-1.7157959458438286,-0.7605612206954127,-0.3715910014269208
drWgsBf5,-0.43970591972802864,-0.07176832969004421,-0.16030843694670627,0.015364598951655317,-0.5660088253939626
dytx0HSe,-0.7513591760015434,0.27013082926406584,-1.098471037411183,-0.8523948797682319,1.3329157198287915
e4KkkIha,2.080235227902318,-0.32109678801666774,2.200121831122528,-0.5864965028267846,-0.7394844181241147
e9YorH4m,-0.10353678885088047,0.3504306664115644,0.8866956873172456,-0.8412308002549782,0.5259344248952451
eB9gVQ0R,-0.999813315171734,0.2559070644743908,0.47381600759695686,-0.9355917672112919,1.6442638042864686
eMhLFqU6,-0.8577227603131483,0.019784365054254405,-1.6829906015736689,-0.0930684821593517,-0.003700749419221161
eMllg1qm,0.2831614711389858,0.7556093287867487,0.8317192428343463,-0.20853130455561653,-0.40471462758052756
eNPunZ9i,-0.8191044881841582,-0.2676370391117202,-1.9251377524370117,0.7394424432143079,0.2773415609645218
eS5BSM4J,-0.16065223355513436,0.29004171277228075,-0.4065532225510373,-0.5034753701180228,1.165934464299872
eVGMFoOI,-0.27308244052474084,-0.0684387954197172,0.6975776164902596,-0.6707779346613489,0.600803505425988
eaIwb3rG,-0.6997851383173443,0.8551357991184094,1.120324816399834,-0.2786318045042342,1.50485430845865
eyzw8Vis,-0.9815678874389564,0.4914153781292523,-0.15261942451903843,-0.7656421966060534,1.5114211503024726
f04Ke2bN,-0.2341948869923527,0.19833468240105478,-1.1048229174777804,0.36388033152842203,0.0322472034155612
f4GA0te1,-0.36110241714833924,-0.4549130789740419,-0.42575106532697937,-0.7926719504593782,-0.2560340795414455
f7bd91h5,-0.1676534977652746,0.3958238732154786,-0.015625070940554986,-0.37705126987405935,1.1654425902416938
fB7z9ndr,-0.9783885025743639,0.660928805832667,0.5080283006359347,-0.6338871002322048,1.7750548957461225
fEe7AWFA,-0.17876586828293606,0.48725533300282864,0.361091059227137,0.09157952346074794,-1.060289049960531
fJJIbgY9,0.32864775172393834,1.6226170467819059,1.3693185816954316,-0.5491539192501782,-0.7602643345617075
fQBURMvg,-0.2829714905379338,0.6017875030400965,0.14155113467453995,-0.6519711624576598,0.9736600278347203
fS0HpOub,-0.369789247501636,0.5064287034113351,0.09181869340012727,-0.5203037637949781,0.6460202091721579
fTDXauuk,0.22925472257353396,0.7023419734984597,1.607794232963997,-0.33943982529489514,-0.8545934695073976
favPNA2N,-0.7326878497376932,0.23736454183231182,-1.4726817380159147,0.812274203240497,0.9888355208038749
g3Fv0U4k,-0.2626310379021207,-0.836931890519371,-1.194096962192699,0.7206480295457267,-0.42126263131439723
g5PKo2E2,0.5894764955352034,1.1389376634102204,1.5877921801267092,-0.37735605040006615,-1.1529832577776813
gbjnD5fe,-0.312065014962259,-0.7457569195012148,-0.9959859235357067,-0.7905863510130366,0.30439549520517983
ge9zqXCv,-0.3735790897993937,0.6807287849468886,-0.2979981379320247,0.7628656552062254,-0.796444856528193
geeqJpSE,-0.5284788511132168,-0.3174832985984555,0.04447740107381337,-0.7310517556723135,0.5504551546763521
gqy1J2RS,0.572844713466651,0.3225364490980258,0.7929767462825583,-0.3720318112967633,-1.3978230415404331
grlUtS3H,-0.1555070197482029,0.06924071405387044,-0.1862227385057056,0.6065608489342584,-0.9671231797587114
gx965KYj,-0.12074703827216116,0.5348521280994865,0.051474259790792454,0.14753889897686023,0.13971983424848977
h3F08Vjm,-0.6410004648077391,0.8533461553688557,0.34950007061278776,-0.6302249901168957,0.5071412595120244
h6FQG8Iy,-0.43995284728361517,0.7091907090281131,1.0075545621383908,-0.83416324429021,1.616568681880131
h7ftM8b3,1.899822750453949,0.5903970800712037,2.0945631011140815,-0.4008064280944823,-0.9581162077163814
hLrCHXZv,-0.012509203585501893,1.2421695312870487,0.9292788086851045,0.08046108388008988,-1.120506653394776
hQ6VBuFx,-0.9186492684855054,0.45566887096516906,0.4609810462821462,-0.6282064794044842,1.632103726196961
hYoR2y7w,-0.2774481081164617,-0.7692019144339106,-0.5646732510671724,0.04028861449506582,-1.2436606074871595
hf65yZkM,0.1027951003994898,0.9555428004219642,0.7342398271284871,1.316062425333425,-0.7905514390916952
hjuwe1x4,-0.34189994863752904,-0.7933388094242755,-0.09776213206575202,-0.5999591620161633,0.1972356351480491
hyINlsFR,-1.3013652025227151,0.9721370449036275,-0.5043936221562046,-0.12653114914150132,1.492171164710618
i0Qlm9Bv,0.07967543000947064,0.37633962863301784,0.5616460625240838,-0.5638368110152787,0.8244707302629479
i1VxfxMb,-0.09656485361625933,0.2906636289575948,0.3160919416753145,-0.6156499168269782,1.0198144430424347
i2l6jXNP,-0.3393119824108449,-0.4521842294303928,-0.6113649014037095,-0.581638900644053,-0.06431988655699439
i4FgPZv7,-0.6317673005404962,1.2386525687591643,-0.19766530574253793,-1.085002173756918,1.3609274664364626
i7XtIkSi,-0.2820991124258867,0.5725056790024423,-0.24592966109447412,-0.06749890023991356,0.36257449068022884
i9z346Ut,-0.09414507039623032,-0.002151433861446783,-0.999143107321613,0.8891550274572166,-0.18641066804437867
iDOat4cZ,1.9856520994560274,1.2574075587941094,1.908598549321595,-0.4855562981153736,-0.6917748342399734
iNv6RoSO,-0.11796945208283915,0.3697382378894458,-0.2629048459529577,-0.03742205359847195,-0.2173600672546001
iSL9NYzy,3.3617213761696227,0.5021961309576408,2.090880667191992,1.785821833904188,-0.7274182666364095
iSqVc1r8,-0.40008898953475136,2.743526492503598,0.6168050829602043,-0.6586807864013857,0.09744037951573947
iYZMftt6,-0.5770800247596107,-0.43500908115621595,-0.17679180209492462,-0.2525607436315602,-0.9894500396488075
ieTPaa3c,-0.24731786508153852,0.21007038379606424,-0.9018944302536167,-0.04294770077837651,-0.019324287931321238
if7BmzU0,-0.5360646581869121,-0.050635383637598785,-0.15410045450944088,-0.7170890978801583,0.626794903889925
ihNz5bmx,-0.20426932050455082,-0.6673326789744598,-0.03354988386835123,-0.29798800087349386,-0.5898604113960679
ikJXKdIN,-0.34647885881969787,0.3728049398128066,-0.901555800814446,-0.36528508467126164,0.5223708865059885
iq2kxikN,-0.21423742429129555,-0.035731412654089745,0.3058488231325833,-0.03724911255480845,-1.3593896499454106
iuZEDJK7,-0.5587740168665624,-0.0006641305449455182,-0.22499669300301184,-0.7317088678420931,0.5229045105302497
iyF8gVT7,-1.0922438458077608,0.4874899881821504,0.14137044355837047,-0.844213087855493,1.5972530382860697
j06qdQ0V,-0.44290067826781954,0.04892251427527983,-0.01964379682208528,-0.27979652395534904,0.148312671878279
j7hl8svO,-0.4195250169639656,-0.3626859479889126,-0.035875038518945246,-0.18917819613607811,-0.9206855175906581
j8hMoJUN,-0.25162297863941174,-0.41605222048209534,-1.216208808609843,-0.3340778737431056,-0.25844919320639304
jNaFasbV,-0.5471335322995836,-0.5644993077263756,-0.8379998300542573,-0.05761718443791142,-1.0234899409169063
jVVHeYHT,-0.439507890103637,-0.2717230450181609,0.041934421593078364,-0.6239363748489812,0.8207606673265051
jXm4ySvK,-0.2908819629526592,-0.15033839807602645,-0.045385634443649625,-0.5287779289795655,0.5179574580482527
juO5ii5l,-0.20854126718780386,0.0467035665528277,0.08801047730083655,-0.6263060683427875,0.39670931080257366
k2hdEBsU,-0.3689697737015436,-0.05660479317480105,-0.6522339930565928,-0.5196054000014843,1.2697882396462599
k3ynMfhN,0.5811527161449779,-0.1592084186813758,1.209911725718989,-0.5509525641327886,0.2830854302403494
k9C9yBtr,-0.005998843051941538,0.4843767897773157,0.7358800267064847,0.26029548412880166,-1.2811505378142347
kAKRvcRo,-0.3527533929580122,-0.07509069691369197,-0.7333680571289052,0.26934039251212893,-1.2645487350942028
kBi3R2oC,-0.05119919572038811,0.1819824155824339,-0.007672931672113137,-0.5271809177945315,0.2667307915352768
kDWmnsXe,-0.045670999989151806,-0.35362903926248723,0.6217000122644667,-0.7255956531281074,-0.06703254669506087
kSGBd2Vh,-0.3781951197524499,0.05482709628908777,-0.1251307290656376,-0.7181307910880732,0.5097262352552153
kT0miHPT,-0.2163029156245807,0.5883458418503187,-0.17653310657900723,-0.656791104080614,-0.02947395650493312
kaW0TfRn,-0.5244333159789438,-0.5374716844453116,-0.6532615525281198,-0.7570458780493712,-0.1417618351738743
kmg3SowO,-0.40388213420195795,-0.21008310702609245,-1.516702258109175,0.8251740961221254,-0.48094184481156477
kpxKSlnF,2.442211960669324,-0.1237172749883717,1.7309936067518903,0.28850036413577906,0.10097584897288447
ku2cn1MV,0.1258330179843241,1.4444548257816179,1.9282319526039484,-0.0788765283089159,0.6253823834631356
l1su5HU9,-0.4440757246132566,0.8205578238367894,-0.2638709673948201,-0.4303456996614359,1.0006584528850773
l8Tg2RvD,-0.5618457357255227,0.09165035032681068,0.5279650940841147,-0.4564223532591938,0.9005535204082081
lB6NsVOc,-0.4260850516883208,-0.3155188119135044,-0.21468479841269095,-0.5494551017323683,0.28463602442148717
lEcdVyKk,-0.5704053891747847,-0.04235352498552114,-0.378612808851547,-0.5935784396840913,0.8445648055144114
lH4TasGl,-0.04813004220619432,0.18011000020329293,1.2774703635265872,-0.4545192466741512,-0.7278224927565184
lO9aggHW,-0.15281529131515326,0.08523560614067494,-0.11261354145469005,0.3613314314396523,-0.157607695534544
lW3m9Vzu,-0.4787266560844119,-0.20591814314001367,-0.16027185836793323,-0.4114367666466987,0.2281028366445722
lYLseGDP,0.15337705330270945,1.0735518455247735,0.48682725242094005,-0.37933623555796325,0.6577105741658579
lcOnCdZi,-0.10265728399551133,0.44188918974425784,1.043893818794445,-0.5579191913298742,-0.5212124063209229
le9YGwON,-0.08918541326068175,0.6389758251673547,0.4760040969877408,-0.24274878865413685,0.6038462842862239
llMvu3TX,2.541352443140127,-0.49914101010958634,1.7375537378579704,-1.2048859173434279,-0.4437195467077344
lnHh2jFO,-0.2758557188175579,1.6653427589655647,1.1066199474824978,-0.7096013138561812,0.2736977679445425
m07CVXd4,-0.9329825604756302,0.09485071227567632,0.8065422108091032,-1.2154756832469462,1.9777360896926754
m1lPk91z,-0.25791843911174195,-0.01596469134264389,0.27965201927730554,-0.4549625366608918,1.1456207268455654
m9IQdmwa,-0.3299069313596388,0.1393465462704202,-0.09779788307712067,-0.5990905489304228,0.6928723323166985
mG9BRy5x,-0.6678641655911663,1.0039372856848048,-0.7597142839013746,0.12137680988883348,0.51543576035087
mVHXnama,-0.4111323081062712,-1.3676108240679339,-0.8931619667989237,-0.012794928843355535,-0.9874344676928029
mXyrR6nU,-0.5237610198334709,0.883661990587636,-0.9116854335422597,-0.04312178695906588,1.5056581549033798
mbzNdxNc,-0.3693797178516818,-0.20319302778872572,-0.050824884947908266,0.31510032403242105,-0.5269164240797308
mntH7g3L,-0.43086836590040567,2.619682595041738,0.5128160376252988,-0.8692869199731814,0.49755228983249855
msRTXP3H,-0.16096357319607657,-0.1283822621302355,0.04445408821929586,-0.4144566468161641,0.2723681561949395
mxBjvIPR,-0.5812021534433051,0.9994890257703264,-0.2049162565587903,-0.5463409334283873,0.6682633043887487
n8Opmfbz,1.6327394550603676,0.5515678990795094,2.4125482119586765,-0.5026415005760647,-0.16321906295658217
nOkgU29Q,-0.6611031779299023,-0.1579559263139796,-1.5074346944110242,-0.44576239430626474,-1.7026637611585649
nhttf7VM,0.013818787049500791,0.5207981150293066,0.6657324434814693,-0.30388309136684866,0.5314494707876344
njLbXYa3,-0.4386526404532167,0.19782747499370057,-0.13297603135866143,-0.7145560303348195,-0.45040867572164833
nwkIpzmh,0.5243883067318582,0.07239826839226948,1.1376206545630265,-0.4313364809608742,0.2615512509779918
nzB1R9Zg,-0.04494130159054466,1.135910002433568,0.9868150809729062,-0.6450398716064565,0.17354880103170012
o1rZRI84,-0.7852617905640277,-0.2054055246931572,-0.42551769208137546,-1.1337903681469745,-0.19079380712282346
o7q5Mbty,-0.16914097270972017,0.04076848543049261,0.28300688031691945,0.24395714361662257,-1.2411018021475853
oCBvysqB,-0.6587585309035926,0.30864878848317767,-0.5771762658145403,-0.788417326637072,-0.5360735120013977
oDmycTPH,-0.4696453592465297,0.2263284891211974,-0.5467738359934446,-0.5543317274950001,0.9230182659400445
oFAXZvQv,-0.2752767726890042,0.7540939823111272,-0.5731594945245022,-0.5730849041142787,-0.3840412179762098
oHE3M1zX,-0.3768489285003642,0.07343795785703655,0.0017031521493229285,0.9493499603844937,-0.29167105882858313
oMhVmSpV,-0.22520116770381338,0.5168676947581297,-0.9764520932509972,-0.8714102323158075,-1.1164966736977995
oNsDqVbi,-0.10881088746771961,1.5469170124064475,1.2777278519014024,-0.5095435755991846,-0.4582689498296164
oYAJqQk8,-0.3565693537345803,-0.3329953293347834,-0.35524305557339453,-0.5314924303519022,0.46088934166333906
ob5Kb6dW,-0.5209551011984342,-0.27272276517383043,-0.513037919672692,-0.5324740811071522,1.1867052761610366
obnzqs79,-0.4485206613150423,-0.31169562437341636,-0.8864959908496113,-0.21794737984066126,-0.2768045450470027
oncLcgRP,-0.09138180946791863,0.09756844335043446,-0.4662184850637763,-0.016719111718960677,-0.44822250800476793
ooWVYaAe,-0.3626100711241095,0.6040091109429166,-1.6245151800645266,1.0055962786124015,-1.2496267018893836
osdyOUnV,-0.680781361666172,-0.008993861406754622,-1.8315033296159484,0.43101629260409435,-0.14282680773218792
p7H9CzCv,-0.7230020572348119,-0.8885370826861845,-1.9521085906518758,-0.46322088040563303,-1.0936359979785832
p7U9hVhY,-0.43136495006397013,0.08602269700891085,-0.3368493314643586,-0.39531503736968654,0.06710670286395992
pE6Cf1RV,-0.5160792418684658,0.4677447934344916,0.473442544816014,-0.6983992795217664,1.0349265559092244
pI7qzotI,-0.6654857865359586,1.9848920220093431,0.10834994862739,0.4697985971983518,-1.1603854324821588
pJrIA4sk,-0.36227059805394624,-0.09777532416832546,-0.3934359153855609,-0.7197671960758707,-0.21556735474167654
pXne2CLZ,-0.3925964129918197,-3.2408088995359456,-0.43288228308304744,0.9690523395801394,-1.4034613453981484
pZMcDIOS,-0.3013542833377182,-0.016306705441071045,-0.3004772863032428,-0.7808168435830911,0.7937142110357038
pavfp3cc,0.023510438448737236,0.1320612151095717,0.5822933407814641,-0.2839851871746033,-0.7065026103466525
pbQdC5L3,-0.7440447711824569,-0.38859681662005974,-0.2047822600959719,-0.5331013803165674,0.28913784914710305
pgj7aAFP,-0.32427109446007973,-0.15096074542370141,-0.44605687754736634,-0.24211927985917514,0.14960212562101094
pxg8G3ed,-1.3742540273365038,0.6209225337269468,-0.36495399766497805,-0.8465556126515454,1.6304162619977554
q36Npk6l,-0.8643889685206193,-0.047101382548365045,-0.73188180776468,-0.6638754490344971,0.9886980624393433
q4aDOVvq,0.5840683943843845,1.2280578284334038,1.0036968144546026,0.48408240191172425,-1.3830365678720793
qGmfR9CN,-0.40383073914112044,0.043402765917937014,-1.1671506356559265,0.3762987463685774,-1.2202977322748576
qJ51ODpA,-0.21518594245778355,-0.2136996426847979,-1.4696798704097889,0.8980514999850593,-0.21353064547456513
qQX3cs3I,-0.271128987758428,-0.35926858710944565,0.2132830543443276,-0.9172667264329499,0.4918492021079716
qXeIxPb8,-0.390553885229022,0.207497889920651,-0.17106862411855417,-0.300434911214174,0.6948435711042265
qYQ4MShM,0.21262639705837083,0.10204072169836209,0.1345298129897483,0.7231775270069991,-1.162506053924253
qa0etnhK,-0.22303720966877283,0.47819622145190976,0.01825653999354193,0.4414073592436354,-0.62480482735275
qbL4sboq,-0.8002250179069228,-0.45588579991596534,-0.8318905354588275,-0.5629864277180503,0.85982768349625
qbYrsWHq,0.5149673223838529,1.6804048826435665,1.9738362157171185,-0.13017254687877822,-0.24796862966825306
r1zmcUqQ,0.46142154876219776,-0.4961391127275179,1.256443835309644,-1.0444094085430868,-0.6182389190114799
r54iHeQC,-0.3129394857008354,0.09093409807407848,-0.06755351954353817,-0.5869587806147121,0.4285915394237634
r6xrAnQV,3.349770788231071,2.3873474262616705,2.077322494088814,-0.2760664618117916,0.22811785145717023
r9HxnQDg,-0.24539262670178685,0.4606350857037702,0.4908184827531419,-0.114053982348445,0.7143556763890092
rG8Puuf9,0.7087833340321805,1.4921092842596524,1.2820024070793912,0.3977804989667064,-0.7633571182572327
rGuiefuR,-0.2609292227209161,-1.1001561197107614,-0.24818236008816807,-0.24015422712422252,-1.2515909975611295
rJ19OhGP,-0.5480224394444105,0.26791989060983434,-0.31802628433663793,-0.5902107122212477,1.4170172410523834
rOCYepHd,0.10492513064111075,-0.5654588749509415,0.7694114776429077,-0.7780546063552918,0.40684342020196024
rQJaOPFI,0.20262496912098138,-0.41625697845233844,0.6900030758838505,-0.715547395790098,0.11406955332554303
rQhZtZeh,-0.3270403428012947,0.43471035477855136,0.6670105150487806,-0.8660384382686872,1.2521084416522283
rapmok0w,-0.545725640240304,-0.5832352474554119,-2.1461883437268128,0.45280821356238876,-0.09260614951348722
rgzfnPVu,-0.26842425571181716,-0.021539992555196896,0.503646417693385,-0.6822151576076494,0.7361830211057816
ri4qhb1S,-0.3801905192400863,-0.07225543495916487,-0.8376851434000105,-0.3633536663296604,1.0230782310940556
rqpFYzff,-0.7237338646769487,1.532386082154148,-0.7514898026126775,-0.32004945871663004,0.5378375491579316
rrs22coX,-0.45962001955517495,0.4880979416808291,0.30848929280810844,-0.06809036457499729,0.7345528023129825
sEeUCQLc,-0.6655204312075156,0.027479714898404062,-0.7896827497383425,-0.4891653962381315,0.5484424580737707
sHScwqQl,-0.9134909334398446,0.39650299981782267,0.2104273496060951,-1.1526521437391337,1.963626661114022
sNC7DiAt,-0.5848212228628902,-0.2799715580990787,-0.3009176449993216,-0.45549792098467146,0.9727835078689275
sNK2TSs3,-0.6711394626383811,1.2078177656828122,0.5480779252571257,-0.3189313407477887,0.7619617237050831
sO7Su6uw,-0.7860646898695258,-0.7175954076293958,-2.2284517912681157,-0.5238019055322742,-0.2792797638297577
sOWZx89o,-0.6379004088259239,-0.6529643374834166,-1.103694955445485,-0.8466121953134982,0.39569353085540615
sPbRcPjC,-0.08187818194842089,-0.012335409783414075,0.6030367932743661,0.2824088747419764,-1.1002316533181256
scVUfTKI,0.6023112522540073,4.264647621772266,0.37200965177175216,2.013218127230725,-1.3771049450146626
seRaGeVv,-0.36969115061817925,0.20834144990426973,-0.19094669942518405,-0.1419909330448399,1.0436476535689905
sgtwiYWi,-0.41171598048527847,-0.6653920533633104,-1.448759313428591,0.09879680095414645,-0.6851886645467582
sjmLHcT6,-0.34294535230338663,0.12647391207407033,-0.5242112914346722,-0.2823800217737733,0.09009800047915917
skZUZZGS,-0.5975467652154696,-0.37247367742792914,-0.08226766861623291,-0.6645350168509521,0.60780017923043
suAmzADX,-0.16692067796907217,-2.956530874893187,-0.8536705023116822,2.206039568425308,-0.6597801534003447
t4GWLqlO,0.6734972976213074,-0.12643465224744022,0.9471621068763459,-0.46466304809977155,-0.3669313273313297
t7gy6Jyy,0.25607154181470393,0.9595001890300692,0.9836594488007504,-1.4629389357351403,0.13426823855159675
tBadzH60,1.8720586557292123,0.47920230677022513,2.12896367018401,-0.24807945473128923,-0.4078733417918894
tXUWm0hp,-0.11935887611209584,0.24738754541091312,-0.2985126423868558,0.5258993995653378,-0.715761059054848
te6UPPxf,-0.4819734415205268,1.025720700540933,-0.6821276356328752,-0.6495557559420235,-1.1508460166463785
ti2lamkL,0.21485550632962713,-0.29698032039346955,0.7170422432522927,-0.33375319023259076,0.273409022571385
tr0lpwuU,0.16409592950984453,-1.6660446342229243,-1.0111999779267196,2.2634481894364704,-1.3038165959567274
ttdB5C73,-0.4386581939305504,0.5752541460659688,-0.3056323882991019,-0.008411621518112034,0.9262933922672111
twS8YZu9,-0.4663975639623925,-0.2585408822092492,-0.8151510446845283,-1.085404276254371,-0.052164947979145615
tx68W34H,-0.48246279847118767,-0.5184111022005462,-0.970508150422233,0.43821296156991263,-0.847222805555502
tyQSX4mY,-0.23441710718687914,-0.4157842858175509,0.07398671365497678,-0.6912510527123308,0.7079265776581802
tylKCRc0,-0.41571003457881894,0.7136426780815182,0.1510582013755184,-0.5986752381899834,0.4588914329482707
u1544WUo,-0.5244227193898197,0.2224447207711857,-1.3416045380876938,-0.05669783124421768,0.9734866192995171
uAw9an0d,0.15499153749187866,0.9529629201485741,0.5788004328800409,-0.38343659536956753,0.14482080848118284
uLZAEXMG,2.3594004489534086,0.7067725575421919,2.0827095942075733,0.03612558408094224,-0.8686650394438287
uMwe1s7I,-0.4902128547227791,-2.61814088207882,-0.35283221734371395,0.5740126059160724,-1.0062357517503726
ufhGeV3q,-0.5403118033588772,-0.18666875679979134,-0.17181164771960789,-0.5196263832552441,0.16918600005302964
uhAeGBHo,-0.8209176040187084,-1.1702629417187635,-2.184003597091567,-0.7524721285688902,-1.2149321339094112
ujHNlqpw,0.8162245620969353,2.3664134999440654,1.4139249062250423,-0.19350174085220262,-0.8452992525438294
ulV6kuhB,-0.2815946095034376,0.2508975846000845,0.282865357086882,-0.5801240510772598,0.5197906581401538
uohEnNEK,-0.4081059733032435,0.1415843451946972,-0.9228415796494489,0.8531019421962958,-1.160923624679505
v1lhA8I4,-0.5109033344388657,0.7723180958857565,0.7045887239579693,-0.9881342797259669,1.0727773839429238
v3JzigLI,-0.7804442768287396,-0.1605705836231639,-0.49664456809635604,-0.586866938740946,0.7672422258346188
v5IwjyIg,-0.7244584006620033,-0.1252164529349269,-0.324974274589783,-0.9269794884152622,-0.6460936305543512
v6lp5TK1,-0.23659830201461507,-0.09028963471213247,0.2652399513939532,-0.6507077137950641,1.2890878474010958
v8vOaaWq,-0.2825643039598267,-0.2875606954759813,-1.6127432559058232,0.4846407018600838,-0.010365352205934042
vAYKtoil,-0.742929947401358,0.0865480484533716,-0.4538475489656477,-0.5382754069498361,-0.7140104688864743
vGTNQa6G,2.988191448269876,-0.07699655612773126,1.946501193284627,0.6185057532884948,-0.16217494740068972
vQzNxHoL,-0.7771542943745455,1.0532828498770797,-1.0153979761430065,-0.632280972332258,-0.9244541926670187
vfZGBUJm,-0.3776571951126051,0.7221042754985199,0.2749825502661398,-0.29322043701929035,-0.2708689490325187
vlooVUoT,-0.4915756771360278,-0.03870625085287838,-1.4814238946125906,0.20779341141673768,-1.3321309612462162
vrACvd4O,-0.4903987724290976,0.16441694451411681,0.15679838527490797,-0.4890257061973142,-0.5420234967022799
w8hdjLwb,-0.29896771475992767,0.9056271246128595,0.1154639911249431,-0.4740663846233031,1.3961904853946678
wAntv4gH,-0.03951389428330776,1.4057156908871398,1.5306017342315121,-0.4567069614210708,0.4955141514628226
wIUL09q0,-0.5968109961483762,0.27603679925524327,-0.9106721208307365,-0.35297192030861346,0.18535677242407145
wOzx7Fgz,-0.5152046530979032,0.4946244288043058,0.1166663614699297,-0.6188025851077574,0.019017712134322462
wPhjhCJQ,-0.4089492654823367,0.1939380913636355,-0.2416066098358507,-0.5376735258372434,1.2676728788620766
wQSWWmYB,-0.4150109352684913,0.5173588067177763,-0.8381639586335141,-0.12512341499677992,0.9798029688224515
wdIMrXwy,1.9914912054951044,-0.17188766688855006,1.8438423616792934,-0.8936917959581963,-0.48965352538603324
wiL9npQc,-0.5263706540183679,-0.11376978891239897,-0.7885069723253646,-0.749115078392447,0.37342407741077366
wnU95Cxn,2.117226268426949,0.42773386311108474,2.690265936517104,-0.757607354654827,-0.8279758923661471
wpJbbjJs,0.054186303831032845,0.5476286433579669,0.6300819073004866,-0.3976278836067513,0.37310599354829616
wsOWTAbI,0.6232034241549129,2.0093952746351857,1.8830680607217922,0.8231258866632345,-0.7014382578087637
wtdBcU3U,-0.5763634202149039,0.8139546491567398,0.09737877240282833,-0.28443875878982405,0.39818853523457753
wuKXVxOc,-0.8008438244844358,-0.5387250939209114,-1.8265784847024649,-0.5822652958917494,0.646070120612204
wyzadAt8,-0.4797971309880813,-0.6219178351310748,-1.2339550204432626,-0.7203248358726921,1.1777440244955357
wzaKzYwi,-0.08834051703425239,0.008370964760644917,1.1162502168152661,-1.4368932292735077,0.2665482476172566
x6GCk4EV,-0.37334260531581054,0.2384328568506353,0.07635283748523913,-0.6878807260496473,0.4063811306669678
x6lUi3vf,0.1694973186419806,0.4557957713620806,0.39429946763850565,0.5241289082175609,-1.30144738764352
x8mwDHv9,-0.32285183383926697,0.6948300669535845,0.08765835923509946,-0.3540024070497503,0.09442312505906347
xIYm6puH,0.17605945214454666,1.4656726378564993,-0.029191272666564627,0.19749470412108217,-0.8665500260654311
xO6UdpsK,0.23580709671137434,0.37389471766129034,0.17928893098447585,-0.7441644473324769,-1.1343595049856248
xQ2bkOvj,-0.5257585019578135,-3.3715469609415303,-0.21555594430591984,0.15979571608243193,-1.4593155500842308
xeXyDCEQ,2.7230812726563385,0.4396987963591239,1.95417697937539,1.0071896668023457,-0.7152776362606508
xrggHziO,-0.14400543413529654,0.6954691162622284,0.08539093854959479,-0.3926738867128736,0.22562919804684223
y1WMCmqQ,-0.5203591891034592,-0.3128418290147761,-0.24677780506669134,-0.561543140924297,0.5550600756324344
yDngezhM,-0.27821771376306514,-0.16811931127305613,-0.6554696661183539,-0.21963444481204775,-0.43342735807866584
yLiFjMD0,-0.46251626755924535,0.9410367007666958,-0.09281568713119781,-0.6861205295535644,1.5959181114729672
ySwEBO7w,-0.38382144482864267,0.7308935294504204,-0.6639565662730922,-0.40261365259259607,-1.0733674303889225
ydC9UsSm,-0.4079963395351902,-0.23741762729753502,-2.1533197254090743,1.2415411768277638,-0.22296291664781065
ydEG4VBd,-0.35350014212886405,0.3174532572288542,-1.0185345164707118,0.010029669310276157,1.125901680887643
yf76yWXc,-0.45752345240163517,2.1008462410090325,0.6512978295947731,-0.6485403597965402,-0.08704117591481064
yg70e63n,-0.3017450444873495,0.1657068600493865,-0.490440746852149,-0.2874817067274784,0.3743199999360619
ywxtlSKv,-0.5494113787724276,-0.30416754042592276,-0.38527950530788946,-1.0348229062717351,0.16680828103112255
yzKPQPOR,-0.583664934458692,-3.0427673182425536,0.052388810735662705,-0.1945632506112367,-1.2584439847276063
z5cnOnZ1,-0.46756388300159746,0.06803858278784425,-0.1917959805193512,-0.4331609873745914,-0.7097100926408104
zFLkOE0e,0.28713983217988037,0.8303979108743742,1.0672610649922671,0.4471963885376298,-1.2095398096653023
zGi72mxL,-0.4121328348466481,-0.46333734890979317,-0.1957963364538815,-0.016155857670129947,-1.1905929072487242
zN925UV3,-0.5838753752820334,-0.12458078757956814,-1.4039172513693718,-0.005780268288257506,-1.1609706890192948
zTy2ih7e,-0.8307363367958083,-0.0021798409511188943,-1.4684931341750422,-0.8401354153433935,0.6214584650351915
zVFzAutw,-0.4280222970235138,0.6532906196806709,-0.19789784121874487,-0.41250044171366396,1.4076784816309316
zYxNAkht,-0.3266917771811291,0.1186880733593969,-0.9227572929625003,-0.5185908157466588,0.32646271678379113
zaWDBai3,-1.1271594012362025,1.004781189182387,-0.36529831212885844,-0.42634039859001893,1.5681970077640623
zg3u0Zsx,-0.27748532557667704,0.9053503807861674,0.032439422967775355,0.05392968684524324,0.3990104335620607
zlwLfdsS,-0.3689871051700301,-1.3451204171666973,-0.4839226310341407,0.9299576919727524,-1.0685712665082676
zmbKzVfl,-0.6989230734123668,-0.8707409874716223,-2.084605123082487,-0.06007904759319849,-0.10587072355643024
