,Ca,P,pH,SOC,Sand
09gt9UK5,-0.41589995396577983,1.2678592135939686,-1.074818916868482,-0.17331571769541904,1.6341470675196743
0BVvxJ6a,1.3196681310883385,2.13598092858092,1.4821267865352787,0.5338208055812982,-0.9615949216709319
0KbdgApg,0.007124700862813693,0.7210596550785429,1.5768100798262479,-0.0394373146045236,-0.7231249621523221
0MnuuduB,0.1377571876053394,3.036997394414523,0.10142909130594469,0.3592817318121983,-1.9412371688600945
0PcIsF9z,-0.16705910930665646,-0.6270237746316113,-2.121899083400557,0.8160291682588271,-1.384208868132799
0ShTFLYJ,0.9423045459315224,0.9124132107516786,-0.9577543235373724,-0.2627598738654896,1.2588525186598534
0XZh9jka,-1.626361039776363,0.11428362738025222,-1.2541104714774884,0.1341626126106195,1.1989308154287004
0Y7Wegri,-0.3046377081075034,5.276197099743901,1.4323371152716071,-0.936006654197508,2.3930226151540963
0dTqplIM,-0.3061920466754415,-0.687395796718543,0.6560647904068116,-0.07276477413348376,-0.36904332624840974
0lNiZicC,0.9625809074222841,-0.21435566324409472,-2.7265307455802397,0.35380365485216697,1.1069513567009817
0rGeJ0QN,-1.3507154248110198,-2.111480521104359,-0.6591405887618802,0.7116466924444722,-0.6762541112911826
0sXI9ytQ,-0.2730922976060669,2.1042180434373385,0.26320155341805157,-0.4857095487371904,0.9641523264724526
0ukt4aP6,0.12097603453667605,-1.7699947315904518,0.6647771868720355,-0.41182504124655206,1.4179312794232588
1AGspb8f,-0.17503713520432163,-0.5787354316706778,-1.0634818801895596,-0.2615876443302125,-0.6385937312543262
1Csy0gvE,-0.42497398805438674,1.9040464608245093,-0.25075906599290787,-0.7008823619798915,0.7173941188608562
1Ic2hly1,-0.07412326636381872,0.44151014620855034,-0.7902113560116986,0.06888892058388174,1.2121207686152833
1PPbaTwt,-0.6033638093291895,1.7845187486529626,-1.0358533385858726,0.24425530598258338,0.9604039876562829
1SO5VJNy,-0.2879350156119127,0.7213013135956884,0.1012591027608758,0.04533478476903191,0.10016569678735515
1arHxK3Y,0.6864061764433586,-0.33582870430093703,1.2271253394289405,-0.06761010900207531,-0.29584190621034834
1fCW4Bba,0.3628572949120238,1.8878631933797272,-1.0386178123878165,0.27566560887198804,0.9508500705800882
1qDZNvIm,-0.30551894554706693,1.1470661139988605,0.14981894529773965,-0.9273741175885114,0.36821940988741675
28LYJC2V,-0.26977008327845475,-1.8470888305647697,-0.9729383141948618,0.920064877992308,-1.2054079655945684
2CzACvQq,0.9913209984658148,0.7103712782958669,1.422283647608381,-0.8514564434731894,-0.630904170840564
2FT3crfv,-0.5771344011941576,-1.0703080711772128,1.448201942459906,-0.04589277768565042,-0.6089692054194976
2Fy2uHVg,0.3485771353481525,1.0838514176224852,-1.1978454982195283,0.12092940282146422,-0.43947902717562515
2MkMEApm,-0.36359430123056546,2.049061249675166,-0.17220668882147028,-0.4558711151687287,2.491853563210071
2NDGWEOe,1.448625453023893,-1.1875774874574043,1.0615793235079791,-1.1372643913753278,0.1278953125046215
2NyyCiqn,-0.3678685922701239,0.6919568065976849,0.13520329958430055,-0.2677597254518156,0.6485553885220285
2QRzIb84,0.4151236188206443,3.2542715295910076,1.6898784342934712,-0.6884837025209591,0.1565594329951751
2QcbdrUZ,-0.13060215117742657,2.1213051837217285,0.6355480621596074,-0.2766285035621859,0.6659905812149447
2YgAimWK,-0.8599805730818403,1.6096395724754569,-0.29475531662174803,-0.4119842946912795,1.4054434010281813
2cx85d9H,0.3015977467721126,2.091539915267375,1.746453751279356,0.3152679084590625,-1.2248554243931031
2homMXMV,-0.45739129087622193,-1.2767418739729868,-2.208139906588716,0.1891658120507811,-1.0432072168501465
2ldLrUtq,-0.40227098029041375,-0.3265210703680731,0.704628956305093,-0.8394807235642728,0.7762496313165639
2nsACW6G,-1.0509237568729481,1.4052778255217482,-1.9791296903921576,1.2148182628134192,1.3206873860041957
2yMbVnWc,0.40701219943637146,-0.2642314551338336,-2.065055781375202,3.1394920755184224,1.5046890862350941
36r8sgGQ,-0.201180751573246,0.9006906196825792,-0.48848924914541736,-0.09531181682701373,-0.23022991661066872
3NXAXCl3,-0.6853436355563992,1.0282340759779713,-0.8301762376297603,0.5881864123605471,-1.4472409007060163
3QG0z6fl,-0.3671135225312166,2.6806532114740786,-1.741572304895842,-0.6937616496101057,1.891023375053045
3WS8R9qm,0.6468530749207481,-3.6236098693525927,0.4048370828870639,3.227341835493132,-0.9653105011982523
3fRLm8f5,-0.0755311347959321,-1.2177190691109643,-0.48073536341012835,0.3710877005950353,-0.9860252579278788
3mZhp1nQ,-0.7222957321423911,2.66860599940669,0.3662842922951771,-0.2795241899450249,0.7077839949178677
3pikJXRL,-0.6888914572017821,3.8096789784072307,-0.2598030403113839,0.864103562688419,1.8899626058856893
3pxOEGHL,-0.19862593888579105,0.05213865365252124,-0.34490595576455685,-0.6766391608881527,0.7428195895235948
3ttdV3f5,0.5123074100206403,1.7966744472757576,-0.8776348082303107,0.3521055594614146,-0.270896632814853
3v4X6Mfe,1.3975530114537005,-0.6815499624347899,1.2787385390668842,-0.1730097145530381,0.11873679119247776
3wORuPiv,-0.1619736888178379,3.481526222123581,-0.44077075440137037,-1.0888637835412331,-0.20937106186491716
43EfrxZj,0.15861272914952151,-1.211774779227453,-1.2124704716626713,0.23038145533846466,-0.20533466034741887
457Vwm21,0.7605757196897428,3.307503347172215,0.8782378232495706,-0.22617242653021008,0.36394629063138995
46KNnOdx,-0.19133573573566875,-0.8372965840974579,-1.0470170388728943,0.34498735801925834,0.1858991771120116
47TwNsVC,-1.350418960142576,0.5924599835076924,-1.1791531377763165,1.2095604289987545,-0.5744607911441757
49856RpO,0.10824721689736949,0.10229322167329469,0.24742250236315766,-0.43962823828436315,-1.1446391129824782
4Ane1o2N,-0.5099908341204517,-0.4009627056431836,-0.29916356927223053,-0.6469953191172473,0.7419690541534062
4AyVUgSc,0.265039204484221,0.664828217919351,-1.106494130456736,-0.2785804185509706,0.6087296770629795
4B1951On,-1.2408184165129013,-0.7043909588230667,-0.24572169426276902,-0.48082538355664217,0.8366639178027329
4OL39Teo,0.0076011856516372545,-0.08240071627002155,0.41317208567594566,0.17596796121654676,1.353627156641981
4eQ90eLY,-0.1818483605219534,0.9613538660075767,0.17060533293013835,1.0854819140891103,0.6525996034228719
4o5jwMj8,-0.13537947610012158,-0.1731872088795503,-0.0687804934718036,-0.34108118016523403,-0.26345403281530433
4vPgpl2c,-0.029487137237773187,-0.3601846630841533,-0.0684382080942274,-1.1059936842022653,0.14926666958683776
51r9aA0d,0.25810412139326966,0.47062467731994495,0.34551803972076517,-0.6256409950720518,1.4020408873885377
58SmeRoP,-0.36839515198541634,-0.732510555488855,0.589697270608083,-0.11845745006687725,-0.6123262823126858
5HJp1AXn,-0.08585927836204033,-2.259913955132649,-0.40350440040237956,0.8467520285455745,-0.5471932842095142
5MBZW7fx,-0.04677527087616906,-3.6952830373143604,0.011058870641275642,-0.7347121479389805,1.1233775443024605
5Nq3gHaP,-0.16318584835540995,1.6075175689059957,-0.060759213956728786,0.630269272464365,1.5614300649513622
5RmwFFK3,-0.4182904623464034,0.32241426738605916,0.48827470307401116,0.6745251408383189,-2.3260081885848782
5Tu5Jbov,-0.23866750530510183,1.021725235383309,-0.6311848696564661,-0.21908139572698748,0.26433332749562394
5YEolkev,-0.12443829119470151,-0.10072288025041798,-0.38333445636020436,-0.7810710869853393,0.36304438310035025
5a8sf6QV,-0.04779645958118628,2.4307797634854946,1.2350873592538205,-0.11815799212158618,-1.0793713816572659
5eSvmqYm,0.009710598429003237,2.7988891275523207,-0.26061772620327806,0.5291938977575434,-0.6953043839799806
5hkN8fiv,0.2789872406159556,-1.3615354605152694,-1.6177868425055406,1.4349961932709765,-1.8253833273911084
5oK8Gti5,-0.4111438822956891,-0.5980326074398249,-0.5849102341654948,-0.4072899537486536,2.2975573207637217
5paniGaU,-0.8106010513298032,-0.8995132041054607,0.015147533560177173,-1.2219275123624778,1.9167195247618536
5vsr7ZUP,1.2778881872078216,1.9129139984640218,2.0100865037826727,-0.34391145199593864,-0.8962498775833274
60B4xMWI,-0.20710138698242875,0.9285229210239977,1.3894402893483735,-0.7617327130365584,1.551847455436976
64jOUtKy,0.8679611585157786,2.538427504292636,0.9371234821423822,1.9594624703841532,-0.5468426904382263
6AJo4xNG,-0.05665771428743116,-0.435314583194644,-0.5432668300831733,0.4072687043610669,0.4686726459900499
6CAvhEte,-0.6645886346595787,2.0578139243312337,-1.3394412120294934,-0.07694929219571556,1.5363752521514842
6CuGYjT5,2.5304644587386442,1.3360778996338296,1.6388538222448368,-0.07242151854851869,-1.7344898752899072
6DGH8ujZ,-0.12338063783994313,-0.45986306666580534,-1.7250984285898716,1.011230942396534,-1.1402376714473679
6PzsGdVm,0.22336205002861365,0.015071286146607688,-0.0535793391048337,1.3879889216316075,-0.9790223647262031
6UcSJMbq,0.4371747905183311,1.9940317414522055,0.9962209916174427,-1.3012548132753472,1.5028525958666248
6WJbkH8U,0.9658167490157136,-0.3893647388736122,0.8490586410266723,-0.27270856219725825,-0.9605371718111113
6eUWsVzw,1.1834533580149542,3.45383414058491,2.0149343056374818,-0.8136001105172194,-1.3638325768773296
6gNyO7Do,0.5359543412391722,0.9451258655429522,0.7305507101233585,0.6711124012629244,-1.0614050072688923
6jT0AyHe,-0.5302979147499385,-0.1164817651533302,1.6412863453824054,-0.2957204912015211,-1.0478766478286987
6nBgCvWu,-0.3635960897696858,1.8129868808919545,-0.14084454032058402,0.06431906252995953,1.2104565913155216
6ro5mqg6,-0.48177802641263406,1.7524006145368092,-0.9260206283366135,-0.47084727097718904,-0.07309815420376414
6sGqObX4,-0.12963229324452918,1.971751325719131,-0.6514388288701003,-0.52535257946888,-0.5705577418470814
6uEGy0n4,2.0753693579975914,-0.21778371420330722,1.1601473983555308,-0.5957973873096258,0.11937826286770081
7BZ4LxP8,0.055487417855351384,0.8760592822183237,-0.5066716642046125,-0.6456365751322584,-1.0302446696140233
7CmigXKi,-0.3173374348789296,0.8535333184642404,-2.6129340924144753,-0.5882057773544647,1.1463187625271065
7Ga0LpfR,-0.34334661666492344,-0.6914387665239606,0.000515947352650592,2.101225492680992,0.05226763012865482
7PQsFvsG,-0.3654310981072853,-1.6523731409694773,-1.746646507253363,1.7889915732302328,-2.2228929690197217
7aF7nnwn,0.28554547259158014,-0.5562477052904712,-0.9159082174195605,-0.94248701655367,1.9734709880584804
7asGzfX9,-0.13741727266954973,0.44391854401846,-0.578182921216579,0.03266082333767495,0.5488326829500488
7cg7C92o,-1.1209905571618695,1.3413110664545824,-0.4255445467819803,0.06180071651156169,1.5438976538656304
7eOxTpsB,-0.3382441887892161,-0.825108486237648,1.1035723462354003,-1.6946973080467833,1.7620486070220824
7ey0v7ma,-0.912235875300493,-0.01100418542374293,-0.19675639690635194,-0.27693734041393303,-1.078354602077376
7gocyrYl,-0.509946668115225,-1.137363657093763,0.3520930457720278,0.3262059681881585,0.061424168736408935
7gqR3GoA,-0.7810064414979124,-1.4006428553553816,-0.7025546059135916,-0.1177788455843295,-0.39018563052649013
7og7aUXB,-0.3757472927124688,-0.7930304880130862,0.1997069230107067,-0.17629673867327011,-0.04602642661592987
7onRfa8F,0.3626547445113576,3.1671466696883606,2.0007755909637384,-0.46376792041685844,0.5380809645126043
7umkNuxM,-0.29719572021001783,2.911698660074286,-0.4743597716237551,1.4057728301789707,-1.28380537435803
7vPr9ExD,0.008348873155000436,2.487604050626145,1.9719629187002357,0.4897577641036657,-1.0157790213303652
7zNjpCzu,-0.285237791925654,-1.7545819380960537,-0.7575259247738377,-0.47085558292867047,-0.39206421928449375
7ztsQNj3,0.06781398157696195,1.3042775571728613,0.6543133195108077,-0.2281765570342531,-0.25240468479381106
86gppwMI,-0.0782513365455666,0.7881669809433535,-1.6219159999909647,-0.464331700400921,2.3486127738236338
88thAGdL,-0.46513832152103746,0.5743104903210036,0.5615155851066626,-1.6528754046112475,-0.09031499811123234
8GhU8STP,0.8159248946453231,1.2213877080296518,1.146733927036327,0.17978352132031195,-1.1412162785833022
8NlzDcWe,0.5566180179308681,0.4380026385364524,-0.9571687291044741,-0.07305698315180659,1.5696195740957475
8QAejdLW,-0.29365392080170205,1.665269951672597,1.1845282666910646,0.22373470669767997,-0.6874861693960674
8RDeFxWM,-0.058337208020775466,0.4318660826754209,0.28759998437869927,-0.1410889634539691,0.7905451429542549
8UXP2NBS,0.23321536739321347,0.23406196500131127,-1.1318247861968047,-0.2034470560757018,-0.7806278070842629
8ZoV3KGT,-0.6393570102798752,1.8968287909189243,-0.2178343579411145,-1.1144214832254833,0.43857904514545654
8ajs2uG8,-0.040178101083472195,0.4536472687432784,-1.3178728412274099,-0.3075274014987936,-1.2796938210739
8bXnz62p,-0.6156615070590593,0.4123283453620506,-0.2986028518684918,0.5807003889685802,1.424778813007628
8nO1O1LG,0.7764640470131939,4.323740719685056,1.2458176032993744,0.7183064918506881,-1.229964785803059
8xE1p8g8,-0.12977278749068966,5.202993718299484,0.12304092434671454,-0.1250540861464282,-0.8973615839811484
8yMDVMRM,0.0945320380874527,2.066325850838514,-0.857684494869962,-0.7721456845744524,0.45628565821836553
98R5VaPi,1.1402460720797194,1.7596018832694038,1.3156631188101575,-0.28155451909802387,1.8989681096746498
9DcTz2Ua,1.9535159208616801,1.1598885930548761,2.194764366649033,-1.3400290985954242,-0.9476386104734127
9G7nfUrK,-0.28802503322952366,1.5580216752104343,-1.2623770362752882,-0.6869385365593415,1.6844954805453183
9O6GZ1HT,0.06739456414862732,3.075627254323155,0.8954384076502966,-0.5455624628123812,1.049723086960816
9S7fCoAM,0.19595287048794552,1.6086117337607235,0.15453278762038836,0.002758787912951366,1.756080133584403
9iQwmFJR,-0.47416406089608865,-0.6459283556298593,-0.7826342275505553,-0.541545953493121,1.108153971758589
A3Mt6SAQ,3.2683579314489295,-1.1479824357015231,1.9441168922809269,-0.7019672745617775,0.16084624103576262
AJIsQIcV,-1.1751884639055072,0.44651587921287267,-0.9959694502488448,-0.33432355441476236,0.9453242306236571
AMHKXMh8,1.7237299648183995,-0.27798756829741134,1.0136814730780994,-0.5455503710237393,-1.7185958616162784
ASwA2J4E,-0.3099934125537572,0.7658284688214847,-0.5094468837262365,-0.22671074705059086,0.24454518909895817
AaFvEoHq,-0.508281537935926,1.9375045128188568,-0.4254455483960127,-1.6183946497683483,1.511684452433246
AiIPD6hX,0.45351725685802646,2.1614274064673076,-0.6028168653108219,1.4648051856315316,-0.5166441763256149
AsIURvJS,0.14438860918073992,-0.8787892837699708,0.05462134279084696,0.8922968226622521,-0.4155514563171555
AsvgbJ0C,0.2869462391311496,-0.42411838795715917,-0.30482107710704254,1.2010015916009218,-1.5715478751310994
AxEhbkCM,0.503552831759691,1.0478619483758713,-0.46198029107692506,0.453201813499861,-0.8843899581412886
B7VPkIpx,-0.7686344005321876,0.8487295646331121,0.6409491565542011,-0.7678922023996286,1.3036158251925336
BBwHqHiH,-0.6436557206696032,1.881584024243216,1.9466682550992098,-0.5022545377815959,-0.7478305824860265
BMyps8hr,-0.5379753406225245,0.17945017151499448,-1.2064179845729097,-1.0819435397499264,-0.7893064463316055
BUHS4dQw,0.4640525983374296,-0.24138241654003711,-0.27260323321449453,3.5816577933336378,-1.3991664084476576
BZB3EYWQ,-0.046448542471473786,0.3654732212549064,0.6522081829810568,-0.6530963930649968,0.1797781470918981
C5UPCZcL,4.261542042007541,-0.7828788307236557,1.4083133700856347,0.5347636789909241,-1.6246540494689086
C5gIfQbJ,-0.9520837414440144,1.7110608504387184,-0.7147422024140684,1.3196786190474397,0.16946690632765246
CDRuu4Pn,-0.4418153149341398,1.9976852002653156,0.5907129854521174,-0.5146592576481053,0.8441330823458555
CQhTYkqE,1.9870424314706376,3.470187380697026,0.932277017823953,0.5499159638533573,-2.131960459796334
CSEobMXv,-1.647814031093574,2.027328963573709,0.31840037340338717,1.5654442613182238,0.9182026828744875
CYMQE4x0,0.6166211205631801,0.9323164006237354,1.4888594982894097,0.3725303570549696,1.0951179750453641
ChQdtl4J,0.12615173989719353,1.4682471440272318,0.0678907712205391,-0.5300357705567444,1.5282581852480863
ChnD1nrN,0.6937647013075178,-0.5156961711345626,-0.6384228226052866,0.10976060632891191,0.8924087099273373
CvtbbIcq,0.8981323234804114,-3.060602747676523,0.762351401841751,0.1420344299733284,-0.10285056365692147
Cxk06b77,-0.3533701785611674,-3.195326101295049,-0.5086401620400134,0.027256563914004384,0.730617590932222
D3QD3ZEJ,0.1060316849611248,2.7621620116463155,0.6681321120049523,1.0297733057701048,-0.28623259338803475
D8J5C6lA,0.5935347846662961,0.3780419976275963,1.0108106837621333,0.5507924359545162,-0.7363857117708754
DCeQwYfT,-0.3505337137807268,-0.0635024987393259,-0.12175691309588355,-0.05497290087166257,-1.3665885218669112
DDEftkx3,-0.6662621233360944,-0.5289945396924661,-0.6205296613767388,-1.018066824863062,1.244251647089724
DEwCfeDW,-1.2050469615567385,-0.850740887979844,-1.6024343795328062,-0.3791607782993768,2.9522399654950777
DMkIV4oL,-0.3136011085656729,-1.1381479903714884,0.03863691475442055,-0.7071892479416318,-0.2671805005889676
DnzGfbxS,-0.34532400829086224,0.21872491380969128,-1.0121104287328262,0.09974682764941312,-0.5414123847840179
DoZxo6f6,-0.09465223355814634,0.5570930246067174,-0.17736444797271989,-1.335744265123468,0.17692614674936324
DvhBPGIk,-0.4684282651749414,2.971646813271145,0.053491164694962845,-0.09119519050490443,-0.37886955728865657
Dx7GoUcT,-0.40415837090057694,1.4243755904871076,-0.7019603701360175,-0.1368156671578286,1.4421233083366218
E5hIjohO,1.1624074684547017,3.192591594500171,-0.22583629857807397,1.5797078825183606,-1.594901163647057
E6x4XGHt,-0.5688696481294497,0.0017271242527228114,-0.7661403895303995,0.03458976655369084,1.1672955418639608
EDEpAzh1,-1.410134469819941,1.9441407973466167,-0.22565618545694677,-0.3181649645133794,-3.1882853393228907
ETGudkQt,-0.2318142516746753,1.2619865350768453,0.2873790006794541,-0.3584511423001657,2.133792716498978
EUleKrLJ,1.4113577774064834,0.41418932480277815,1.3143448220147085,-0.05646126382322894,-0.11387683469801885
Ehw2Jz6s,-0.006465522995986572,1.2945788430303762,-0.3968629485260089,-0.45944940086009256,0.03277816516485543
EjqzC4zH,-0.2712213327041554,-1.3340176778422332,-0.2818480984714573,-0.9573939140243518,1.2292562940073584
EkMZO3Qj,0.2910386143042899,-0.1836633162519491,-0.7347087328332167,-0.8310433878574438,1.3310911715736302
EnoNXWvU,0.5842093720416511,2.570216319068497,1.4314853890183636,-1.12857930974751,2.5299905112966186
Epv8ANwr,-0.059173204698198645,2.102340796073112,0.5261904639330557,0.7526812733315813,-0.24630950260242568
Etro9j0B,-2.5777447353344125,3.5390360891483263,0.47237235956947465,0.7579605551846957,-0.18520579315167274
F3MIZj76,-0.7067452469178027,-0.7437860064839342,-0.31910413443369157,-0.0659164790087009,-0.6261907724312004
FB8tU00K,-0.6616562467273718,-1.4321785557646107,-1.0054786562447942,0.35707110740974735,-0.8162291014237422
FLhxBGMK,0.14566334583680007,1.7633642795286057,2.525907728008711,-1.4471350611855538,-1.2087775018083557
FRreR8ka,-0.1692586291276712,0.7326523721806764,0.12484947858930567,-0.6177536783143539,1.4558556680603887
FXne4oAV,0.38420839890527037,-2.6663494743735123,0.7747252409689996,-0.9657761199666394,-0.785318290006148
FaW764jk,-1.301544147080368,-0.15074005834167348,-0.6335467670431252,-1.191100432099796,1.8534284177407756
FeAbMXly,-0.3989936596510052,0.3997677212503796,-1.0969968432464383,-0.5113233891593211,0.04619595636986212
FeudaFXn,2.099585598222739,3.080381242859025,-0.5449198334240652,-1.7370817895073758,-0.21976223278544982
FldUmFeM,2.360918350674922,0.1364576827642796,2.254773457603569,-1.3974374944102061,1.3839469631444483
Fnv5tfAm,0.021780931956051686,1.1357125944510893,0.26830661538582284,0.682593777790093,-0.6527191667638728
FvrAd3Or,0.003880111574988243,0.3436492285106151,1.437611819063342,-0.09440540192009034,0.9633740865962881
G48zHffi,0.5485971741982053,3.5988529019076467,1.0942204559071167,-0.9889500756294932,1.8837259526346193
G76zCv5N,-0.251778418819277,-1.8821577621540784,0.03533434738930741,-1.2627123627938635,1.242794879031031
G7JGUdNf,-0.09193134562869887,2.3018149448264453,1.787349912734181,0.43005666627137734,-0.7241847763950913
GCo6MONx,1.1373670377185299,0.07069195214342316,1.5920226317268042,0.23617346184387844,-0.3643933496538865
GE0vbpVQ,-0.6227470414021191,-0.11226865418671828,0.3654339928287357,-0.34208036103595674,1.202639472001557
GN0DfOqt,-1.5434118492698765,-0.7112190479871846,-1.0896158932798976,-1.2148579581746652,1.4614500943384727
GNsTAb1v,0.16532845581141453,-2.066142135237453,-1.191398932810428,-0.9983940448297394,-0.3113320578061687
GPwmO21z,0.18682407577583493,1.6261263253467577,-0.8651090986652568,0.5359214593578104,-0.7342800176207094
GQYpfLoh,-0.072458879644141,1.0527366872232675,0.38871427772114253,0.8629205852971955,-2.1014911916161956
GR9knT8n,-0.5314609918913635,-1.3385140563452884,-1.4458913558647422,1.56466734309589,-1.8526732814918971
GXtFFbZy,0.11322769384499765,1.3712145783459377,1.124567628225933,-0.1606584175413025,-0.1556720254331433
GYvzvvFD,-0.453427674914216,0.8756138900336464,-1.7701092600932968,-0.4521434124931679,0.709945686826321
GemPjTJ9,0.43790980211828423,-0.7477544755655953,-1.0095615364698614,-0.2065201103207026,-0.730886926252676
GkLYRm1K,3.0783717256919534,-0.7268915706266531,0.6612632176141706,-1.2443665737767327,0.14788660041233587
GmlqP8eI,-0.6246169434496808,2.553903504531645,-1.2993307287179012,-0.11803976886068002,-0.7970242768118667
GqkIrOvf,0.11966116705284624,-0.09348325925407597,-0.4039911570918413,0.5658258274805273,0.20563111579576648
H0fsegPi,0.6945428221957705,2.192152322482525,0.5327438930517405,0.26715478305288526,0.37063490992775905
H4dHpJjU,1.2537345487394567,0.49432411882665633,1.0139289815778225,-1.0125869190717962,-1.1911453772404121
H5QwJCuU,1.6913641971678706,0.06619251568626483,0.9602892894648378,0.49010847533010676,-2.774959834622055
H5uwmSZ0,-0.17850037144944464,-0.11510422160232014,-0.49054498740555985,-0.2922977857590249,1.1390550610730146
H8MtbVoL,-0.3049633064780321,2.318130265408494,1.1478702242070016,-1.2720644131878247,-0.23675808578349167
H9JrUYnp,-0.3145366588476514,1.041207046862998,-0.3179177619428999,-0.10874709465704147,1.5145669369043797
HHYmmHVk,-0.35072706955657335,0.7909793992685823,-0.31414707788220964,-0.550799831809445,0.49106948888820595
HJ5U4uqL,-0.7049248964368641,-0.21180136685034467,-1.2875362237585524,-1.2633229172632312,-0.22396525449440197
HNQxYc4w,-0.45027929598570315,-0.4605186665752149,-0.4841125967190667,-0.3232055256773919,-0.14984857254172113
HQYhKHZ8,-0.2796158772410967,1.1593435377376466,-0.7589045636035558,0.08839049041135419,-1.107161839585658
HSCMx0MC,-0.38274432081392684,0.8308185001354544,0.6859358722966207,-0.7616652239444803,0.8668851630165433
HXYuE0fx,1.6728740223736298,0.2018037488677899,1.9973554285643318,-0.5936595599827121,-1.3597357504633472
HdKcxEWr,0.36835509921482024,0.7843343460793352,-0.17976459075696916,0.5600574534453369,0.8063880907925192
HecW1iCC,0.06647327985150642,2.4290030063385744,-0.3436161141846412,-1.3295526529067323,-2.047222983070626
HpbKB8rv,-0.9675468410343875,1.8888746663286415,-0.0695473391317375,1.5146997670317632,0.86668253257942
HrkoYjCg,-0.40899900852443183,-2.045686294977314,-0.0879685779640822,0.8011506242695259,-0.7932319002344035
I5P2uquT,-0.5177860604403863,-1.3610957505776944,-0.2887782448656512,-0.2875159761762116,0.3362401991930178
I94qkDM7,-0.19131601346852922,0.10123650242212212,-1.9886886960964243,-0.8592775246998888,1.0845102503265514
I9sQbtt8,-0.6026920531489808,0.6694128653552708,-0.5286904180934642,2.443437095898551,-1.2111834430431188
IFxgw6ZX,0.2611984314711778,-0.277336005754792,-0.761714194509713,-0.09183589596632047,-0.45895379420086513
IPPPSyoU,-0.6345207192133516,-2.1968577711858632,-1.8725890303665347,-0.25785209165205036,-1.1473209885589064
IQOYQubU,1.8078300981633562,-0.1164788386777712,1.5527676225198213,-0.12088191794924563,-1.0845801930242702
IYNE2SxU,-0.06907305201965175,0.7665709020794418,-1.416332425477536,-0.6391752937626396,0.14792074140540407
IZRFk9kN,0.0655471275442171,0.9841067516643087,-1.0999381878787893,-1.164079906195798,-0.33773869292378067
Iaq3v0t3,2.615713199993413,-0.967273060960201,1.4639365036253524,-0.6637656074381111,-0.29000468742660845
IbVwu1t6,0.13738888936662363,0.4133775058592254,-1.698318624819299,0.44079418493458483,-1.15460603144964
IcHKTLyo,0.004533254587473556,1.9711499702104258,1.028909612458772,0.06647867035651658,-1.3920523145829948
IpW80wVB,-0.14515837907502127,0.48491288379319697,-0.767326843020034,0.4361924532047427,-1.7919260544114293
Itb0PYUV,1.3141713072857288,1.1631897773506608,1.2470755994312301,0.48131516143243996,-0.14732919277218226
J8fpSwS0,-0.2089262330949725,1.5206538584103946,0.5604963082283745,-1.038569639044844,1.5759068315712506
JE1SlbD0,0.4359914453990309,-0.09794175557849039,0.8753965755041901,2.044749648698921,-1.9630448810022116
JEB4McNb,1.1486075313130355,-0.20009384515810125,1.4682310707230455,0.09397018967613224,-1.3033331125737289
JEE4QVeQ,0.09003002363917212,1.927750904314864,0.7594521105933248,-1.292825784290054,-0.24563715901076089
JJSEU2VQ,-0.945201129035171,-1.1086454843069156,-0.3089074873406712,-1.0823595514496942,0.4443294488177034
JSsVriP2,0.4202921713243294,0.9949363464324921,1.8796866842453837,-0.5326689165377385,0.41311846150857245
JUvQNiOK,-0.09378938607606468,-0.22339287936301144,-0.19320198323174564,-0.4503060923905635,0.03589850079793033
JZbrRtm2,0.40230062100874087,3.8933045152809096,1.6712649998337676,-0.9357766209881854,2.663825786415691
JcE9G92B,0.36460526338024934,-0.09219148987147086,0.28348984840312635,0.8661303340547668,-0.1716515224702917
JnNYpXHr,-0.8802801225636648,3.5121968924631313,-0.2988474189449235,2.2505881711813993,-0.1822200818352273
JzpbnOtz,-0.8660753187769368,0.9885470422268074,-0.7556609320492129,-1.1760895392848267,1.115153871569278
JzzUhPQp,2.5793468578273027,0.7971551468511863,1.401102591133093,-0.12503137710354012,-0.6389884212644965
K05R8dQK,-0.7519960986939221,-3.103315739787014,-0.6683065153404599,-0.1342593402895519,-1.303671179157515
K17pG2mG,0.03693854197295532,3.409027020889239,1.2738027770986247,-1.549612129193683,0.6859311681905402
K8BellUe,0.6602855325771552,0.21231532514098572,0.6204772708146016,0.4581561092934159,-1.471817841871978
KJ2eH6rr,-0.7679359290377975,1.0940246081757563,-0.05162500835022643,-0.1373865386172578,-0.5669683485598005
KJEJ6Glk,0.2966624258688816,2.425167814146545,0.25579109665224553,1.2832794331457076,-2.2653394551236032
KSbO0oXS,1.8544540642691345,5.740566101960419,0.880149457749125,3.987244840131026,-1.139235836102058
KXtvmd01,-0.5143269709348612,-1.3113270748990073,-0.46194175279345084,-0.9602670188495671,1.0829778443131475
KYiJqBuJ,0.5687294805882931,1.6194781188802923,2.7496822230109492,-0.8152663435644419,-0.23080802300545655
KmbAyTcE,-0.12571742424520316,2.4933299864401866,-0.42483443446769553,-0.22101507407437776,0.9874485999480688
KnNyl3rV,0.18549139287337402,0.15065929814454349,0.7421590576841625,-0.5981243506027095,0.23750517637254703
Kp2DG8TZ,-0.8303764111261386,-1.0230097501527848,-0.8804413478500839,-0.4766421020567845,1.3143386894822653
KqQtKWs5,0.2089856878404054,0.07789652584712514,-1.1538301130232016,-0.44637287887428223,0.8462364131890292
Ku27g63R,2.8792050351430323,1.2123524606774834,1.7076226545201005,0.03564621886079031,-3.194024716649459
L2aTVqDq,0.70378124900066,0.2547696083337493,-1.8087253564198993,0.8404947098921051,-1.5255913306189353
L5jvq6G4,-0.05033597972351056,0.15925612879860018,-0.9237506200920669,-0.7097519533883763,2.0861567015664875
L91hYVQl,0.6671981574076938,-1.439982746366506,-1.4001349372290965,-1.1002798867500174,0.8620700437768426
LINAMlbA,0.2404089695422672,1.3983885591989877,-1.5176031975359678,0.9230155967250097,1.682506431387735
LJoUNXSx,-0.6415548565859189,-0.4573576633185009,-2.567006233914363,0.09823621842147212,-1.848309218485824
LLtSiyWD,-0.16630626411049698,-1.0203296849058545,-0.06161743844156331,-1.0180524590373592,0.037587961335441455
LQJtV8kn,-0.06346076426919034,3.8344674774167165,1.9187434725146257,0.5271481623980534,-2.276031106494785
LW9uddw7,-0.6651336411073019,-0.8833078909768094,-0.15728717771235168,0.9782457188914656,-1.202569131393696
LZ6sdBTR,0.627103587048281,0.7102938539269581,1.430656975006298,-0.5716096043458472,-1.08226215795188
La2Vhnne,0.24210445851900053,1.609237376767835,0.12872039244672928,1.421632968566605,0.4929241098777429
LaUWSq9B,-0.09576814908845899,3.396398131972578,-0.5213205820437574,-0.08014307625027672,-0.7140151490742541
Lk4SfkPQ,0.07090144005618015,2.4974706205752675,-0.08298293932216882,-1.0596724132822377,-1.3232564027136537
LllC836d,0.01077250373583405,1.8410959255085624,0.18944800352043922,1.2099251826237492,-1.2134251765091517
LuGiGeWN,-0.4649716690427016,0.046231116664417704,-1.877464244182998,-0.9259697094340281,1.9225961968199274
LzcyHcWa,-0.185696064423154,1.7225275495536905,-0.6373434777738263,-0.47482055520161415,0.15444655948740366
M7veP0H4,-0.16586587723240276,0.8476649036502697,-0.49557696343079494,-0.3813672978975492,1.7894554840135513
MB8aaJUc,-0.671178826472299,0.41389586379662424,-1.8779769577959002,-0.12184204210769006,-0.6771646617829394
MDpe2zuy,0.03865051418935528,2.4989410758690793,0.5209296027640424,-0.12922990499970766,0.04638566574630282
MEzdmEIU,-0.6200075185433782,-0.18223723550235804,-0.20958257138605785,-0.36831331081848695,-0.18140694359410336
MVnhtivm,-0.5770642348866685,2.487688851148782,0.07374908775543798,0.7638672188797035,-0.6482369228268152
MYU7WDis,-0.46635786505517,0.15349904368048767,-0.010134083795556803,-1.777235986322418,0.9992170277583707
MZFqh6yw,2.44647484763155,3.728326698893972,2.7926615992260793,-0.7535976287929866,0.7052252973246129
Mdgy4SsO,0.5407076479245784,5.358446147046275,2.0093729954508324,2.0722531239779602,-1.8600192032246086
Mj8awnzy,-0.00806914175654505,0.04219548169107934,0.6853258326757252,-0.4226253171732579,1.571034856072044
MpFPbUJy,1.3099795481259484,2.490562650394686,1.118555919723561,0.03436623603059186,-1.0828105751181618
Mqk7MFBM,0.14791674382488518,0.7647945309845776,0.2002242396923571,-0.5613055027697509,1.4218093739543125
Mqs2t1Eo,-0.5802407125551843,2.3045297365689974,0.12957000392100482,-0.24927424043054158,-2.2388431451637483
Mv3jFVxp,-0.3357755417643518,2.4830506844657636,0.4950740534965425,0.438564516175351,-1.2196984149069854
MxODTXvA,0.3825532567424442,2.7840574246128997,2.48649409073394,-0.45479141187596483,-0.749983144282699
N46PbpPM,-0.05684655085924495,3.546570533430382,0.8481855703838885,-0.8055434886504163,1.6023660228238998
N5S5F9Gk,-0.042885133337085435,1.4501627904117722,-1.3869337248994382,-1.021597115151382,1.1852060484591789
NLDg5fqw,1.22011136335938,1.9920499945867296,0.3001719535345789,0.2998892065465556,-0.03600118288058263
NOho2ZiM,0.7962953965803524,0.34577737512298784,2.7793836044455467,-0.28096580340073163,-0.6016070457773731
NUuY7PFU,0.5443030098684959,1.300396810200735,1.8734413444861413,-0.15234048522134824,-1.3139830600791949
NV1e8AEO,-0.32174719558865783,-8.412706207738818e-05,0.5045127786937098,-0.5183022853592578,0.6469011387244151
NZLXROKC,0.9124902945535259,3.016512996368449,0.586053022268224,0.2898415126587199,-0.5096669093501898
NaJo7C6o,0.9859769927231342,-1.2835765866562543,2.0160546096233114,0.27931972393457855,0.7357545552035878
NgsyGkrO,0.6112285316993206,0.9376586000225404,1.1845239869690483,0.7574394064935928,-2.198586327025652
NjOx4Zpo,-0.8664466869353149,-1.0825974767517224,-0.5142512838663928,0.09914741768176114,-1.3901634563217664
NmQoI7x0,3.255714693021531,-0.48880336210537123,1.6604349475704625,-0.750311835284307,-0.18610606114089134
No4wkdLS,0.8510565144524543,-0.35383203296509513,-1.2766327659650238,-0.49780318090902087,0.9945966589382526
NouMwhOf,-0.3749924259248173,-0.46267245385114075,1.1290044971572324,-0.2840133755769785,-0.6737466698739933
O6YAWd8C,-0.5087075780422723,2.2090107690731506,1.9815218144388795,-0.32790914559987694,-1.3419451012795056
OAXVphSh,2.5388601523556975,-2.170266417315625,1.4242086489900978,-0.6153509089248732,0.46093289773019275
OJBBhb6Q,-0.22849311775432368,-1.225496887413911,-0.8322076557720424,-0.6423019064456077,1.5485240825381932
OSIQXImL,1.263166627530575,3.0254157105381445,0.5931810806622957,0.5498384644905032,-1.8291070524433017
OUUFc5Zz,-0.637662661121316,0.09244338468909741,0.700925329553882,-0.8284171464863291,1.2895142167926497
OVk1lquT,0.07947856526256325,-2.359589525570269,1.4549247587381577,1.0552378141484084,0.6526925836124934
OXdRxjzz,-0.23177880891416514,-1.2494293502024312,-0.660341505264403,0.6961478742559403,-1.5365067728340542
OXxW2ekf,0.17386199594158347,5.0896456203273726,-0.8076828470537256,-0.9562251647415193,-0.4677140507882749
OXz5OpqR,-0.9207013216825102,-0.12076253065062248,-1.503932684599583,-0.5217874972387676,0.6423882638247875
OcBFW1AX,0.29975653836370053,0.06606660286091914,-1.1384683979195291,0.43391490321114634,2.383883809345723
Of9V2rpt,-0.09498453428871223,1.341878305489482,0.4639775989655991,-0.5788916074995986,-0.16274591902879265
OfLxPhbG,0.5349526471039895,-0.13402189143850696,0.09902846196746118,0.4486334126942195,0.6080944928765771
Ojx2vi48,0.05921872472169898,0.22403606037510093,-1.2541761809064091,-0.5693494744216341,1.2718408992760457
P3M32iuT,0.9924823127255306,-0.6840567200191262,-1.1189808261472087,-0.5773087436529225,0.6397604000781596
P7olVzrO,-0.43903064505810285,2.304724004281655,0.12207674077312425,-0.5534462241885579,0.2082510161081106
PAPHErnv,-0.3896891982457187,-2.2685089348520724,-1.3754488064921426,0.24121701057184358,-0.8495805074745284
PBjEtfXb,-0.10130932771851853,0.7032692459601919,-0.11956791613972884,0.12933589841902549,0.17739338512352004
PZGpoBBj,1.9043710585668463,0.8704103422901565,0.9725635947504854,-0.9623255700582217,-0.0027648956025915217
Pc2RrxXS,-0.7518101915850888,-1.439645482106331,1.0691527474879035,-0.7257772660149704,0.005434172271996385
PcHQ4FOu,0.07556526450619627,0.20002995743101237,-1.0193330764833324,0.45774681702515685,-0.32977205382624397
PeNyTOVN,-0.048338968019141504,1.3273785911036677,-0.3537061868845299,0.6084258282642158,0.673196416399843
PhUPSU53,-0.5211933740673818,0.19241460027575819,-1.0535354234282954,-0.042177972667297725,-1.5250976444364
PmUNeV2O,0.572211339341194,0.2751606056360246,-2.669120138118101,-0.09414498996120063,0.9027685144327101
PoDJ0uvK,1.0081715172412977,0.3815145783695807,1.09867915554987,-1.1662953214078922,-2.2272998618128024
PsUJdJdg,-0.32670370341340094,0.08686891253696638,1.0209992243539472,0.7923042047617099,0.7221056549601579
Q3xLFx1f,0.26607122271025807,-1.246820371102821,0.12271308281151294,0.2415939688915918,-1.3654448003843358
QBGxCvdM,0.1950190777436962,1.5537867531080227,1.5148545773948467,-0.40054686304327647,-1.0694312922237756
QCEPyu6L,-0.3463127452920046,-2.994354414333941,-1.2693912332598374,-0.10407361984493341,-0.9497526705064303
QEfwec4s,2.259222074387981,0.3954358571718866,1.8170342961040469,1.0331859405614798,-0.376222634663531
QZ87Nnr3,0.29704185315771714,1.4137190208875046,-0.7100100348950709,-0.3066081173170854,1.1872829317920524
QlyGN9jv,-1.2172689013335714,-0.342105480811719,-1.761426448395473,1.8653063653653943,-0.38840419144595506
QqgWE1ny,-0.004359367803796421,0.12964322029894737,-0.5582267106861694,-0.25941730591194523,0.2592527499578337
QrjjBpZd,-1.0940794669834395,1.7023261672814827,-0.7304685434869425,1.9121708877913197,0.7262138974059773
QsaBiX7V,0.1456204791517811,0.4177369142804044,-0.7881165545048525,-0.07868470451192455,-0.8702152750320944
QtBKJuZk,-0.44662342464357613,2.492578737829572,-0.8492109341730363,-0.30056080207776803,0.901651928153458
QtPRO8OJ,-1.1639059500318893,-1.9434018889553704,-1.0942897304646304,-1.385576316664416,1.086641464575226
R8XcsFnp,-1.3950937620553918,1.6542558948503774,-1.3088744686749492,-1.6630232105082388,1.6399659267663633
RROfRt9z,-0.6319653501740534,-0.3046684506901084,0.7497952596189907,0.033171166958504916,-0.385187869883863
RTcbiDGq,-0.28925938706341336,0.12871676940527765,-0.5036542674163065,-1.2494620761575308,0.2523818701585482
RVidM9g0,0.31873540301457026,2.107558966611521,1.5264936360036203,-0.791770472875319,1.7598801949234844
RZnQSH19,-0.01427810612591296,-0.6305639419275945,-0.5748154038960047,-0.9757264043038435,1.5472770896114536
Rc4UK7fT,-0.26008674103608187,0.43346600432800053,-1.4779582423508981,-0.22043390555761178,1.0690539202181304
RcKBKh6B,-0.005696920697287333,-1.509695760872535,-0.0034318624289344513,-0.020126757414382523,1.361569665898137
ReM5kDa5,-0.29224371383168324,1.1696729601742386,1.197639378640623,-0.48838534239235887,-0.5512744555105047
RfntsotG,-0.487330727419578,3.2480873312132976,-0.18589113969512494,-0.8996538758617919,1.030924998573447
RiXMlzXD,-0.3578504538742835,0.025931106706776563,0.17679696829734176,-1.299422170406264,0.20556781371777755
Rik83O3m,0.01332431998806538,-0.5198449957475185,-0.3965586418606222,0.1728153494743943,-0.6335446084171927
S3PCzDzO,-0.5988712518036062,-1.0999777586019914,0.049654571924788615,-0.7567413098616996,0.4551983868629283
S77BviOJ,0.24346692722621588,1.1800907493688813,-1.607790777571528,0.2536582544610491,0.13686121995403866
SDdvtktF,-0.3323877469121922,0.1476331715255424,-0.6442393955604426,-0.38983040672691116,-1.109533136724939
SHs1AyfM,-0.2643202087148224,0.5280177820536406,-0.551075026230764,-0.32072830435152866,1.9085463964333003
SO4zQy9k,-0.23794644869929227,-0.5541725330847377,-0.3135639813420634,-0.058726337809675844,-0.3910205512905821
SOOBCoiG,-0.2656527829953015,3.7120596952058342,-0.48082897341611375,-1.1623681275394286,1.0133803021068424
SXkkPB7A,-0.9267893208502305,1.8406535698334636,0.5991691547970688,-0.9409753784268663,1.7394558700771778
Sa93dGqq,0.5439908676681257,-0.2611958397718439,-0.9056317750706855,0.27876402538817285,0.5138216788870681
SonIG72a,-1.2314308021848053,-1.107284572948513,-1.7349659543730622,1.3648561250113973,-0.6057030341527639
Suf6hIBc,-0.19045208412622616,0.835794516096753,-0.12019085636180904,0.18047885186738832,-0.17552130835593205
Sx2JeSRz,0.8114373776966409,-0.179267497591571,1.0289446199317827,-0.13417909702406827,0.1877873525740385
T1Tlftr4,-0.36553015812484574,0.9735844989761133,0.46674197206795087,-1.2309551526547717,1.6339043106502844
T7ulR4ci,-0.27360247678004157,1.5192389778377664,0.4360919826800994,-0.6788934795382987,0.9561072695763735
TA1NB3Br,-0.3261085433302663,1.0692776508662898,-0.30990779140868296,-0.17431869844179587,0.4857008515215583
TFZUskaK,0.4777678232596888,0.05925098011511987,0.3177736512288319,0.7107941965482777,-2.31083990026291
TNL8HGWZ,-0.02851866158255345,1.6419936179981725,1.1112154090165265,-0.4635276218969989,-1.208750737356008
TZ8z1GSF,-0.5646729181457816,1.7636916817363275,0.3602044737668487,0.1226692483543071,0.6795001762408817
TqhRvkJJ,2.7377149660730438,-2.5397269804894234,0.807431071838227,0.503238817783624,-0.2744670167376777
TtJCUiY4,-0.8477481763638139,-0.6005669764862375,0.2005602523789901,-0.5611289163660746,1.8051399943631181
TwDq0lua,2.5357968893006726,5.948869912716813,1.4885966637684303,0.2614508169126025,-1.5086908546962068
Tzyf02sI,-0.4906423808348128,3.0557123523869762,2.0905781121760842,-1.419055530658465,0.9167808480924592
U3yI6ZS5,1.4896513804390294,2.3853364518608804,1.014366318706625,-0.5399008102981062,-1.443391238873683
UBLnXZAN,-0.7822768016992433,3.059973381392398,-1.1737197483003587,1.8516467880223235,0.8702648444920263
UBWDzleg,-0.527256355564014,-2.1687179813080135,-0.980525714850941,-0.6571757494213047,-1.146795016956125
UBqkX6SY,1.7697867346892768,0.5388609614881141,1.6794974032343704,0.14131560189180056,-0.6355553464510693
UCIAi1Aj,-0.5415432139015587,0.9701252683462565,-1.7489665730479924,0.25758407937091643,-0.2526388353947855
UPbXGvCS,-0.14296055785775474,1.4238886351917395,1.8551850869292252,-0.35935887893728324,-0.7153694554726084
UeWm1l9F,-0.0884699526951821,-1.5351410905321554,-1.3217225608406156,1.8055685162015407,-1.4673556471814502
UhucscY7,0.6221135171823354,1.0984577982081927,-0.1974048750980144,0.09820340712677543,-0.7137622094704188
Uri1SvHV,-0.43094975702154764,1.9386917179481205,1.4727469057774818,-0.3032281104969763,-1.3708523021284251
UzxipGJS,-0.5785556307770584,0.7195266098006112,-0.16841300558712902,-1.2534805393746518,1.717939669951237
V74zfaAQ,-0.4360282237167032,1.3818140172575732,1.3757649325153185,0.08928477382423475,-0.6852667317068208
VBPxBLTh,0.9167715531424859,1.9005087192540149,1.5123652578549693,0.4993593919634022,-0.9456837218374363
VLG7CXYS,-0.1392195322862424,0.49274993964155056,0.07026939357777406,-0.5237827737134478,0.976678557823604
VNk52SpF,-1.7055810778820153,2.1221160801132783,-0.33421489815036054,1.9643413032670227,-1.2661255256410429
VOREKsok,-0.5401107861786427,-1.8339799890663864,-0.44493989683330915,-0.6227910859156899,0.8634385217788298
VRhTr5pX,0.20533741672985795,-0.5978119084874401,-0.26985261395484184,-0.9265974528713913,0.37709298012334846
VTcG4Kcw,-0.5651911556965398,0.7101264261502956,0.33446479208091806,-0.7118928388473718,0.824802448826526
VeKiWSbS,-0.054048194052731424,1.153879553051516,0.1693101900606877,-0.20024519116689576,0.3273016639413481
VnU8nJHU,0.1341901528295627,2.8340095095638445,-0.45926542347122057,-0.09463455260873999,-0.23328069134004303
VueNCxYv,-0.726137589828187,-1.3251573824510143,-1.0666679547613054,-0.2531211323718805,0.8713749811262861
VxuQTRUl,0.19351381040750681,-0.38176788791018357,-0.9554729218262985,-0.5612527876100755,-0.9354880391029279
W5lgaocA,1.8094013144797407,-1.1193857098871782,0.987357344430791,-1.0327766550084272,1.5876636381858638
W5mMq9Ef,-0.38219762823956066,0.04602253749960561,-1.0211341613160667,0.9756045731531292,-1.0795447116783685
WDhNqFpS,0.30905009057662836,2.351006389683615,-0.15073463221921557,2.189173676361869,-1.2341580615168444
WE6n1kZi,-0.19976499556682037,-0.3963202090851209,-1.6508137777072704,1.2727170579869806,-1.61960114453681
WFk6r3vA,0.06514729667604013,-0.9114172160928614,-1.4793528575821142,0.14067781338424165,-0.10418083067750139
WFyIrsUR,0.4528294172514008,1.0213929791833323,1.222463738804327,2.1888490873204653,-0.6123197751935598
WG6ZAsqR,-1.2564205315777008,-1.9649798465508486,-0.6211767244266351,-1.2476918680900102,0.6119789426665168
WMq3CZQk,-0.7342517076413431,-1.275641216055038,-0.5390618256130675,-0.7717085740008999,-1.5234919684946042
WRskmGjh,-0.27924575688523434,4.5825173274333855,0.4892293326663446,-0.026110557338860058,-0.7547819268627092
WXijSglj,0.012481887370257128,0.882272384975259,-0.11022329662973307,0.15433355108566077,-0.6218580576994561
Wc0stQgu,-0.15070528998810706,-0.8582932237303001,-0.3697060995738165,0.7504314639021129,-0.6877580194762367
WewoSCUB,0.031078596444117923,-0.07360721336064635,-1.6845982248999771,-0.634807098411986,0.9839684130212122
WuHuhHWJ,-0.22584671465225947,1.7997351345927055,0.9549408787772359,-0.8855070130720067,0.9508508803235869
Wv7EBtZb,1.3925677430824224,1.908867702493802,1.5038336828328578,-0.26887319637985474,-1.6468831186127497
WyPlxDn0,-0.1894537114859839,0.28828593544930425,-0.28085877156229366,-0.3886343970589724,0.2965133777787774
X3WqoSNN,2.57363985501019,0.6562594564749562,1.4726931253082527,0.6056842635378878,-1.1651292067241634
XDhyP9KB,-0.4053351469560097,1.6366756274301277,-0.9175344034534856,-0.1633431499616066,0.44924359271524866
XQxhDRMG,0.257435343382748,0.21725238530382274,-2.3441972977588645,-0.0018054320719929073,1.3593061161296753
XjLNAwxW,0.8209904938591953,2.265317650605298,0.5063130451273367,0.6308168831230507,-0.19137570690817363
XjfVQbXd,1.167945387044341,-0.3491821417133575,0.8890861316584462,-0.9085997300513301,-0.5344162407719452
Xovczbf6,-0.4676829062749728,-1.2317995004585196,-0.29671947334249893,-1.2549087606366585,1.0792643547297174
Y8H4onBf,0.2887867537319032,-0.1388416379461882,-0.07938135634540466,-0.5651150738653152,2.3552672206713123
Y8YgzSZ9,0.5260922084161382,2.9593815691691967,2.957133797406841,-0.0012278491836954508,-0.41481976805518905
YC4PNV20,0.08582308100452718,1.4221271891874498,-0.19769463668786946,0.09108603424943298,1.486639667436969
YDHSCRdd,1.929605551297413,4.595397311533781,2.797169193470008,0.5864997072541369,1.6280576399868538
YIJ87aME,0.2855520878051049,1.4095294740107471,-1.3964460741733555,-0.11058551255293853,-0.27906023654453627
YKvT4dFv,0.2402677681289923,1.6014340222919663,0.2945022029249178,0.6492828129931068,0.34882620682178017
YNebALR2,-0.4746240524518931,0.7865001187886304,-1.5257953610996933,-0.3757593346943371,1.2136252584684584
YNrnqFyb,-0.23557003997380543,1.3507912719056465,0.05056077803727255,-0.6010801522163016,0.7440066152752822
YUZ4lR3m,-0.4024985997840715,0.2763306849870192,-0.24395470374804074,0.13179809840554768,0.30473608628024396
YYLvjoVC,-0.5360870155849168,-1.4167425869274384,0.7343350197083827,-0.73486579221316,-0.41885618374206723
Yb8OtMb2,0.11115659220103069,3.2510684702231503,1.7255800277619178,1.1972637853803931,-0.8768163164202367
Ycg4lTYw,-1.8045076915474167,3.752602836420788,-0.42967056739318643,0.1712106096648464,2.310945607532108
Yfk6tekH,0.40506756509020236,1.4903907799799299,1.2537631745381277,-0.53959154439701,-0.6104237121853954
YoSfgmR6,-0.4336286717792254,3.99887780008445,-0.05465052085138011,-0.013136269384163901,0.20070516733219618
YpzFvexy,-0.10717847688595716,-0.42463833669202733,-1.3796453215588769,0.8430577905907978,-1.5028091783962818
Yxqppfa3,0.14068091338730693,-0.8444392686905199,-0.3794935570943352,1.0142211676164865,-0.2683149965919237
Z16jTUvP,-0.3720577759057764,2.959476857783301,-0.2697726336300327,-0.788845228808798,-0.1311764149261948
Z2BdCCbJ,-0.5478819668240804,0.6098134097232509,0.6315533598974151,-0.6255444382987847,0.3893604178305006
Z2JJMM6V,-0.02050972572907417,-0.25458017419064316,-0.5086774902229354,0.3237821153640904,0.52965569122092
Z5jE1OB5,-0.3182908844498514,-0.9218723455341425,0.9892996389914221,-0.3429387623562752,0.922511899631032
ZFsIqYxA,-0.005088429830081287,1.0609811880919637,-1.0178346875557442,-0.0437560442363516,-0.09009882219540188
ZHDVsoRh,-0.3861492082567807,1.1813679569565552,0.023233059970002246,-0.44818998026543055,0.030876901972705595
ZSmfu2Fc,-1.5869653371747663,1.806592618399809,-2.038957008297445,1.598528683792452,-1.3592542756263681
ZU8YXF3H,-0.1590183324264628,-1.2538013221812823,-0.39823274802656883,-1.2295574543971362,0.6458998517805001
ZXKaNy6Z,-0.5418233068211046,1.975963130028847,-1.1815179391451884,-0.6725862177303057,2.093041051198978
ZbYLo0zK,-0.8003707936563934,-0.16703548923401101,-0.6952075165510305,0.3927350410665488,0.3359661348959067
ZedN8Gcn,-0.34058386090573595,-0.08651613233660915,1.1818707789029648,-0.8019265215839851,1.5264215405102979
ZgD4Dau6,-0.19739818841006973,-1.3088598200024668,0.8096214631983518,-0.9852709793377851,-1.5147749258963137
Zgzf79LA,0.523552333140019,-0.07309909580513152,-2.1231412945007437,-0.08421025298487678,0.9426005784011269
ZjqzxDOF,0.6767593111344604,1.9508430894628077,1.5060654740194197,-0.4494807015228397,1.148437241863802
ZsZ5aDpq,-0.3218061620401791,0.3423567494886721,0.10955736233005231,0.9412757223707645,-1.1683193982586193
ZtyqE7If,-0.011300739117349301,0.22369809934825802,0.8284640773961314,-0.49608838726925464,-1.318154183239096
ZvUgz01f,-0.15832779083470006,0.9084945434498197,1.0920860361163574,-1.6416935296980375,1.6967508139400647
ZwrhgdQV,1.5040699633367378,4.136849087589775,2.607637179546648,0.7935658438808376,0.4768175752372208
a7bhJGBU,2.3632759448547325,-1.1853301546727923,2.6138069099462737,-0.45532970250295024,-1.3021710362392667
aHpv6KzP,3.361766946419766,0.3638527544433953,2.230679965421581,0.39879016265209827,-1.1383864768746377
aINzEBVN,1.1253370879187155,-0.474751365464111,-1.3336584093966206,-0.20132915346520264,-1.2548460767442469
aP9EtTGF,3.281225768443745,-0.41910463670115294,2.1265446476976138,-0.5560027910534522,-0.9000889690890121
aV6EhtSL,0.40168780211200883,0.28762490401471263,-0.5905676189481746,0.7944824840641502,-1.6789973531305176
aVZsXKoH,2.671498891370924,-0.9735954935902064,1.7751145912505961,-0.5816261586921698,0.419497587670233
aYVnVJvc,-0.29835296138210243,3.423802191910636,1.8694214459991407,1.0922918476532182,-2.4889835919309284
abCzN1zx,-0.35948050173735563,-0.3702466054961103,-1.9290488147028406,0.6825623987048755,-1.9081116122098498
ae7sMiB4,0.21157149486423787,0.37659642464228826,0.28544215425573155,-0.4059384471284887,0.4010501543592029
afsVuCGV,-1.207724671618354,1.057084602965717,-0.9721417253625808,0.9547549678524883,-0.41797527463430784
aiwBQETI,0.3682832143260958,3.296962276372715,1.331339303287022,0.24495942852956362,-0.8137003951391948
aiyli4EI,0.8308606848037251,2.382528087813316,1.2398995594066684,1.0680130561163033,-2.9897182853088387
apJ7NmzD,1.6811095717232565,-0.7465672019596697,1.3048298528937292,0.40801254912623874,-0.7196898296763563
atVjNMtQ,-0.7987656707388353,-1.3745481941353765,-1.6930133042556492,2.3597397601339476,-1.5146139716922842
b5GirVGV,-0.11837920713141381,-1.349684416451347,0.023436060234360623,-1.3481211842983223,1.7405797717195328
b9SpMjNB,-0.3116254585317446,0.8557522532088857,0.6056526679534843,-0.3188312937537724,-0.2386552860645046
bAFs37yy,-0.6196579437194765,-0.730178624996053,0.3295165087485943,-1.3025103533001685,1.0627864727584169
bDia1hHV,-0.5109699197163258,-0.43394013015923816,1.2676800207704706,-0.313483049718121,-0.8045053864108378
bFkv5Mtr,-0.25547621731411496,1.522924212633443,-0.033557125525440434,-0.8849048596552839,0.6804526125874973
bHe2IXgA,-1.0661282714546418,0.510302502520516,-0.9024072455301206,2.088351284666627,-0.49594835290986394
bWX3vUm5,-0.18904113522256794,1.7055625533527796,1.7859269094118704,-0.43604960902150436,-0.962056200883759
bat8tcGs,-0.20153518118730362,-0.13013820431423706,0.16356516167567886,-0.14181027632073473,-1.7310445795693976
bfjej4wu,0.593652096628582,-2.1081316646579706,-1.1832914799488612,-0.1000428454406776,0.255295227687408
bh04YDiP,-0.05965840330797556,2.7852279607362695,-0.024225711548888307,0.3541784765680062,-0.6885788719645838
c110Fdc8,-0.4534755843702703,-0.12424529705072151,-0.016870748347899034,-0.3249545994628852,-0.11741849426269313
c32GUzMa,-0.04255330095717369,0.0881786930400128,-2.1047338138746365,0.7620175528488813,1.8744596240469062
cT6uU0B0,-0.8511411919768286,1.0673296721416985,-0.6714130034248071,-0.7088732217672354,0.792050280375681
cWXCiFwh,-0.24009145164099832,-0.534182967709261,-1.3922968279396615,0.19347192508074984,-0.5574403007759555
ceNvS3yd,-0.21367565234662012,-2.1252667507862832,-0.7819881975985405,-0.07550859904895829,0.10407757602861939
cmwdt4Av,1.3076509844505937,1.5881554092827161,1.5307149038036805,-0.14907141939292923,-0.3421714812001928
cn4EHsup,-0.08146347258260933,-0.49228795006039905,-1.7358845145052237,0.050896244870403784,-0.30204345948666245
crVOGGTT,-0.17709879090147873,1.4186254093379254,-0.28615864811317127,-0.6568835361375323,2.337707165651188
csPEJ1E5,0.41233952721786016,2.5785973497888,-0.8205520867757299,-0.17992173186059124,-0.05983001951163064
d0UrRtMk,-0.5032071266720766,0.5176486306893792,-0.9243639118995042,-0.8874333067243835,1.1430741365337513
d6LU4G4I,-0.37969282865476606,1.2202838140268324,-1.2215796801469454,0.7922939249721015,0.5778072410330598
d74T1DVv,-0.3415565915900982,-1.904823154569622,-0.6933494364569199,0.4762789141158885,-1.2321805202765925
dR6rM1tQ,-0.02376952035342128,-0.9026954590668538,0.5819207144635459,0.03288064769844545,-0.3476383326655029
dUNxOoqg,1.2853028422233748,-0.7279243264054983,-0.9588408821769303,0.4225603981036993,0.8237391918858726
dUnlyhj7,0.30350359539813765,0.8166602242083396,0.7637406085899623,-0.5493083859424543,0.5436933696709053
dVDlnZQ6,-1.4110121294287952,4.2550691607629965,0.07957341858572853,0.05825543980987696,2.141375776740842
dVT26GDu,-1.1006748795649206,2.30308666617014,-0.12576930135043374,-0.12733376720672068,1.7114677705256232
de43ycXY,0.5647314205715336,2.8312651803593534,0.6706248818592229,-1.1508940835768446,2.4412332263205827
dfIn7m9z,-0.20693442405548068,2.4590764531653604,-0.12400869170370366,0.3735943464869888,-0.8525175433746781
dhmb9ZY9,3.821692980728818,3.6078937209104565,1.2710441343752086,0.27924673075368206,-0.9176197240804629
dn8kCuyf,-0.4853077565060571,0.42494139184211543,-1.3528828226074665,-0.7334163678458839,1.5018076345973508
dpcquvWW,-0.33150385664897414,-0.16857041970029474,0.07959044434119544,-0.6984327254228004,0.5779978857860875
dqcbIMyr,-0.14735687206084247,-0.27158294305585184,-1.1140820838851988,-0.7670858968615767,0.9619411402047847
drWgsBf5,0.33950036774415315,1.0320950346985591,0.10350765753320945,-0.4682052752766537,-1.6347884724247774
dytx0HSe,-0.9381571456885038,-0.10535543681468029,-0.9516239816131153,-1.1637644713119815,1.326836970021052
e4KkkIha,2.811456117838494,-1.389354360397046,1.7874257521522487,-1.0477693641956747,-0.16320790996490175
e9YorH4m,-0.19077048147201414,1.7323268263051363,1.8053393988616813,-1.320525689635005,0.9592512975407989
eB9gVQ0R,-0.9625163463993639,1.1448951711575557,0.1438525583911608,-1.120363325471652,1.057554107899993
eMhLFqU6,-0.008082894730170542,-1.294615883472221,-1.8127886847012498,-0.07272374918551094,1.3887891126788274
eMllg1qm,0.6589040356791701,-2.077988452307678,1.4139260984104478,-0.42905650510585047,-0.6774324911620688
eNPunZ9i,0.15954769764603038,-0.37693468172133116,-2.0694633403931135,1.2351746809735054,1.7647491322536033
eS5BSM4J,-0.4917375690814377,0.5918631470357791,0.055838767580280724,-0.6454567929154836,0.47863904487282094
eVGMFoOI,0.41888852659205045,0.5934301146877649,0.6953240065144045,-0.6179269784984839,-0.16786249670100495
eaIwb3rG,-0.784533235439076,1.741229412750823,1.3006715036546859,-0.3549383865043304,1.3230978906835618
eyzw8Vis,-1.3138731991914485,1.3000883091338595,-0.17624627975063145,-1.1896695549972631,0.841862664686984
f04Ke2bN,-0.5735536948242771,1.1760299081600176,-1.0226393358399828,0.6094279896132659,-0.8432917610634489
f4GA0te1,-0.43445732326216024,-0.045987107164195073,-0.6410992143087104,-0.23702906746027197,-0.6190947316337284
f7bd91h5,-0.18447271902236184,0.6223939406290089,0.22576554228278228,-0.4257517356081314,1.9529051063504768
fB7z9ndr,-1.5852022016926772,-0.11229316967066383,0.07703179826231576,-0.8037636916991874,2.2137293691074813
fEe7AWFA,-0.009318022736921505,0.2869085829626894,0.5584789267465852,-0.39157241839464285,-0.28187298713508024
fJJIbgY9,0.8153899389584324,0.408113498061345,0.44478149702393793,-1.3140244550495668,-0.7808851811273643
fQBURMvg,-0.37090358152431313,1.214494202062227,0.4661370946313703,-0.6992687004057394,1.2187301233828058
fS0HpOub,-0.47363786522168133,0.08368855133009545,0.2886166332807493,-0.48797877303634485,1.7623608899368342
fTDXauuk,0.5506671450758115,2.4006503474086895,1.8350195416595205,-0.19426160615249077,0.006884538353033265
favPNA2N,0.8268486438732413,-0.44133115716800997,-0.5683739949210096,0.879253108767657,1.5374556918584261
g3Fv0U4k,-1.885662878856205,4.889556051991313,0.14651581602179542,1.1073558181675534,1.5775065449275745
g5PKo2E2,1.7528790819623703,3.8681404359939746,2.5219982658937674,-0.5150051572518155,-0.7060370020166771
gbjnD5fe,0.07346574245685245,1.978870928437432,-1.2971571080111466,-0.6081711013884475,-0.2380094099251735
ge9zqXCv,0.021943497041258864,0.1319370631362608,0.32375273114600084,0.5188374050077948,-1.3872660800637087
geeqJpSE,-0.30813064880574825,2.1060763829773514,0.04420742529847188,-0.7960286377026188,0.2670170988417277
gqy1J2RS,0.9442933736412636,3.5875562401890426,1.4396840305515957,-0.22313166250537553,-0.9576556445919007
grlUtS3H,0.027562765109836462,-0.023340661434504084,-0.19319429414033384,0.15191113823078606,-0.8300983090136993
gx965KYj,-0.14003138048523311,1.7651800725128388,0.43343619930495325,-0.07863764281393981,0.7229539831694662
h3F08Vjm,-0.26561569573241106,0.5727319885552378,1.2944142370345095,-1.285463477418474,1.1170033537785233
h6FQG8Iy,-1.014892654966025,1.518377492560259,1.3083070291561665,-1.0849571203290567,1.498092340377086
h7ftM8b3,1.6157910385132723,0.4088230265820515,1.9914486392802295,-0.004837146424067407,-0.6758722253977427
hLrCHXZv,0.10592137735088569,2.164789690443564,2.0468935646294018,0.5613738303905074,-0.7373849473069862
hQ6VBuFx,-0.8952397717795975,0.2956177856999043,-0.05730215932928118,-0.6573603193125279,1.2422071981342735
hYoR2y7w,0.32047884775291113,-1.3086601830331621,-0.4319497230942835,0.19135352236015063,-1.2559546643051394
hf65yZkM,0.1328109709445664,-0.42856762342482757,-0.021809492126716012,1.5736721989974165,-0.5527837405624438
hjuwe1x4,0.198560070761029,0.945726142967392,0.42292298917189053,-0.619176193466049,0.8899914215434483
hyINlsFR,-1.2240371668031742,-0.06283382246239888,-1.8076397950548881,-0.23592591288509734,0.42590949771044956
i0Qlm9Bv,0.49799807385473727,2.2200805599948006,0.9090343165067872,-0.32130959831267547,0.3677576921244789
i1VxfxMb,0.16214821231980947,2.425340406190386,0.818475523130353,-1.0832621531573543,0.8710236636389886
i2l6jXNP,-0.63840960068235,-0.6404507496727104,-1.1393115725232619,-0.5926215943296278,0.1549471148531662
i4FgPZv7,-0.1404622014665623,-1.6164269630041974,-0.02217214855196037,-0.24441282958627913,-0.11357473213570701
i7XtIkSi,-0.44224929679524805,0.06489731923846442,-0.3511367425692138,0.2561397001987058,0.47886427819370003
i9z346Ut,-0.4228379996706921,-0.987756770366054,0.16167866200222902,0.7267638339663794,-0.8588817311569699
iDOat4cZ,2.5177351789908182,0.24414927443134726,1.1654668665185088,-0.24784241560188391,-1.4933052228432153
iNv6RoSO,-0.036090127192311194,1.1121992279954314,0.2160868231170603,0.6800254333015974,-1.145648054122896
iSL9NYzy,2.432412386800381,2.7194686119098184,1.9047155698209783,0.39658104157692237,-1.0886743454109549
iSqVc1r8,-0.223265578358941,3.4947014579019786,1.2184781606901833,-1.1283289194966684,2.9059512465098734
iYZMftt6,-0.7781328743788923,0.2259102347965915,0.3683344252059719,-1.6755588848219598,0.3408534206153914
ieTPaa3c,-0.3451797890880384,0.9844188991832283,-0.636361302377094,0.4147367931488656,0.23112279540170033
if7BmzU0,-0.19961988533453578,0.9797661997108179,-0.5279162490573959,-0.8784183885645226,0.46174369008605853
ihNz5bmx,-0.7977567488787349,-2.511058402686947,0.2422526219116483,-0.5961932642470169,0.043844092783681565
ikJXKdIN,0.4327185274383917,-0.6654902041290266,-1.5794325024786118,-0.4003480293660595,2.026111908710864
iq2kxikN,0.07083072795944889,0.6804372994206389,1.6822824593782137,-0.3806700681489661,-1.3527923023562207
iuZEDJK7,-0.4291231527373358,1.0355007286675995,-0.615995911033212,-0.3964919151062227,0.3081724703935275
iyF8gVT7,-0.8836729144312089,-0.42862101549297205,-0.4574521638664457,-0.7297171776207837,1.1379603025229312
j06qdQ0V,-0.46442513803734636,-1.4995163886842127,0.3210006433466242,-0.713317632040385,0.9264859110450584
j7hl8svO,-0.16077706734654296,1.856533783164903,0.18175265431794962,-0.3607597663639477,-1.4844209621566276
j8hMoJUN,0.7524181275549472,-0.06658964072138829,-1.7890476300405047,-0.15560988359964906,0.9202609255201691
jNaFasbV,-0.7037429084648041,-2.2752885375259866,-0.8086217095716721,0.23787155857397024,-1.3207750401138303
jVVHeYHT,-0.35110551506105164,-1.3610807474403281,-0.3538954028640515,-0.7640516499781412,1.6233086845944666
jXm4ySvK,-0.1892277605192565,0.28674075513439135,0.7560878280342354,-0.8371197809921745,-0.6583935192637687
juO5ii5l,-0.5505495504317872,-0.43490232628338343,-0.31049163425265514,-0.6703134087217207,1.1954624393464766
k2hdEBsU,-0.08984555959716944,1.5403004631145412,-0.4076647535417257,-0.4663612087117005,0.6036106846952327
k3ynMfhN,0.6823500546355555,2.3098101838940397,0.8755952311113663,-0.5917718817202506,0.17074958729850193
k9C9yBtr,0.40096670387340294,1.1151798144775662,1.947666547429554,0.032703742958431176,-1.1404595217405995
kAKRvcRo,-1.5277836738776591,5.9661521376460875,-0.529505475208363,0.9332154098122326,1.2636254322999685
kBi3R2oC,0.3798381351556911,-0.034281976717973395,-0.3302818172213473,-1.0497992832619132,1.3395075389172946
kDWmnsXe,0.26493495550996216,2.197495935237102,1.6771458724987611,-0.005442229529473264,0.5586844222639419
kSGBd2Vh,-0.1576815710646381,1.221050848430865,0.4262222124799127,-0.5706944210823769,0.7132159088552524
kT0miHPT,0.018173032621338625,-0.5214864405996619,0.21925116854041776,-0.9118619261176865,0.8246979739754392
kaW0TfRn,-0.6863010201652908,1.8175665321340495,-0.2591028805274084,-0.5380552855305274,-1.1726805333906332
kmg3SowO,-0.11163019195422297,-1.0905866122408159,-0.8898055227228037,0.9407640117221939,-0.6084910103767863
kpxKSlnF,1.7395788236703118,2.5773245893328673,2.0485372320314985,-0.584659123738505,0.5391865302982075
ku2cn1MV,0.6089208640276528,2.60873928100103,0.7837746364923197,-0.1906747132509043,1.466227356401025
l1su5HU9,-0.0247673247892346,1.8730937357504147,-0.36190676811561406,0.26677214052763887,0.4179461170488623
l8Tg2RvD,-0.6800046590361553,0.45435260829413454,0.18832789284119,-0.875390183511855,1.7313373139137544
lB6NsVOc,-0.6562338385636716,0.9200142777364118,0.09004640591161706,-1.368858132735257,0.5794268764878736
lEcdVyKk,-0.407085907533144,-0.06287263349856076,-0.09066392704020565,-1.2474929086101851,0.8009041385568652
lH4TasGl,-0.12473454135869022,0.2174177321242089,1.2686054508879188,-0.45014178813615735,-0.9531487889515129
lO9aggHW,0.2530247660384052,2.1678629706217083,-0.2412217773083386,-0.0505114039946396,1.02860989431126
lW3m9Vzu,-0.33528199698994937,0.8154144517279268,-0.7647373276674421,-0.28386975415133164,-0.7097268748880685
lYLseGDP,0.5460122609964807,1.4426646245072783,0.14941678000311925,0.3268059410317127,0.15335836117213272
lcOnCdZi,0.09752779665344624,0.6305533071055766,0.734492719352736,-0.6634354653604244,-0.3893913744206763
le9YGwON,-0.29529129007633925,-0.29432137287893656,1.0877761756631523,-0.13311273018779418,0.5441909246846256
llMvu3TX,2.483787305267911,-0.2261652949629147,1.1847835400432687,-2.2778504691725314,0.20570657158471184
lnHh2jFO,0.8509989276277276,1.6690787205678763,1.5689163386546756,-0.6449812188601727,2.665518583217869
m07CVXd4,-1.3983462630477572,0.9136222199430089,0.7084732892197692,-1.9601266404192361,2.719869959261404
m1lPk91z,-0.16172982840438388,3.097868350926756,1.0196222463950741,-0.5182404979813791,1.0281380472691752
m9IQdmwa,-0.364249024380879,-1.394394191099967,0.45265623375701913,-1.1998071973511761,1.8707680558356965
mG9BRy5x,-0.43476203725362217,3.9680516799678194,-1.8167726933456607,-0.23977444694646532,0.41991277374605657
mVHXnama,0.8736725367311587,-0.44263074878705366,-0.9497109560410515,-0.2828697053263527,-0.30071069370457326
mXyrR6nU,-0.1483293347607001,3.1602564867164924,-1.592691708868243,-0.6125771202633877,2.5205994409640593
mbzNdxNc,-0.5077324674624747,-0.2048250089076975,-0.38501389066594527,0.16856133450732236,-0.48398241581058565
mntH7g3L,0.33854532042648133,5.94431325627271,1.8793351930891307,-1.40158113477225,3.4718426518420027
msRTXP3H,-0.36911464072265154,0.837486113864986,0.46834039084107915,-0.21283973896384262,-0.3012965109688508
mxBjvIPR,-0.6757472622443659,-0.056558893902680984,-0.4794114347950371,-1.685894685454429,1.7699584361492473
n8Opmfbz,1.6066567661335234,1.4152265144676062,2.2247725567709,-0.5222824448843186,0.15967476428337068
nOkgU29Q,0.3451488550505507,0.5935870552072327,-0.9320968803879992,1.0244968364129365,-0.9672876152326377
nhttf7VM,0.027925726019710995,-1.9951092821649623,0.609669839369235,-0.6226236678334283,0.7746501175255875
njLbXYa3,-0.4315421719211296,-0.06702668069303719,0.7673312352887623,-0.8510645523511301,0.45884964251401295
nwkIpzmh,0.20892958386001192,-1.090851626880447,1.2957398720665536,-0.7130857499645278,0.38773892527795206
nzB1R9Zg,0.033875155751758035,3.107799534815267,2.0493189916135837,-0.997079627876232,0.9620683983690961
o1rZRI84,0.298907346142416,4.454515937027147,-0.6226243188140466,-0.06485304541013104,-1.1308443321196822
o7q5Mbty,0.5500103749162836,-1.1625539244316538,0.3297582168728491,0.11260162121510682,-1.4129736880008943
oCBvysqB,-0.6046757881173487,1.6259786032676606,-1.6808270571788735,0.37362015548373273,-0.13744425533370652
oDmycTPH,0.12079348725380057,-0.9972250405478257,-1.6019383517795407,-0.49446769737475527,2.0493406443036952
oFAXZvQv,-0.7565874915354523,1.4700106546670992,0.3427866870095705,-0.24246408608593617,0.3582050754607143
oHE3M1zX,-0.37044731681516596,-1.1101403652169402,0.09926970708322547,1.4074169631986835,-0.8706088152815128
oMhVmSpV,-0.053870693528443314,2.137603784868001,-0.13597070346142837,0.2076035147193453,-0.8939568310168888
oNsDqVbi,0.5889155046533431,1.2209894223492026,0.5127576797561564,-1.5655507449164618,-0.7843248250211088
oYAJqQk8,0.5085677209091023,0.5294924566277606,-0.6606283288000672,-0.13924426298806863,1.106378628133498
ob5Kb6dW,-0.8744048589674536,-1.6457114702778481,-0.5515939813794555,-1.0767096558774218,0.7953588594023124
obnzqs79,0.4678649346654825,-0.40057921918404793,-0.8703205042806255,-0.7043222491653491,1.166631370651713
oncLcgRP,-0.0525464319779364,2.805731709452729,-0.36822769519152243,0.3488630883389038,-0.3855338395657396
ooWVYaAe,-0.7930517030411374,1.2310678245628282,-0.4660326382412512,1.2030059980911658,0.8257803846750883
osdyOUnV,0.32952362870260965,0.021229979393336817,-0.816293359096038,0.35557480270560854,0.8604353819801314
p7H9CzCv,0.5854948537982602,1.4851751803606135,-0.9823770355100894,-0.2831925869800763,-0.6524948539388737
p7U9hVhY,-0.18360346320007004,-0.4773470872800244,0.009086441175116589,0.02646387194091615,-0.06716647420122651
pE6Cf1RV,-0.39765953560469175,-0.15568236623708975,0.6116938677697334,-0.9141073140922445,1.3714185655721796
pI7qzotI,0.006082848609816449,2.9339128312551357,0.3268863384920104,-0.12887743151223313,0.7004872490333247
pJrIA4sk,-0.3590989620310673,1.2214204597871476,-0.5449441454762554,-0.6144405813351672,0.23800655658188766
pXne2CLZ,-0.07045752057533838,-4.184159552007279,1.4683346206986996,2.735517805446196,-0.35889159752546307
pZMcDIOS,0.12215490147236197,-1.7437632145425082,-0.5869916530788499,-1.4610076056290544,1.9471604020279178
pavfp3cc,0.07392786301499243,2.2562733766429655,0.2956767452154134,0.2654568312072086,-0.16193186152904904
pbQdC5L3,-1.2296223541288327,2.205771439946116,5.052555077467158e-05,-0.7861285040547419,0.7753537704474991
pgj7aAFP,0.010594936762298723,3.1802686698894265,-0.21358167858143473,0.1083106013186299,-0.005793586720988453
pxg8G3ed,-1.293839134554328,0.3758701638942191,-1.723142218295131,-0.6915340470959301,0.8652733998138598
q36Npk6l,-0.22619063800411332,-1.1193003800105816,-1.1413531893796254,-0.6446812816102863,2.0674366400763255
q4aDOVvq,1.1758926157058336,1.474540475969334,0.9877529223376789,1.201345050517332,-0.9526595420710993
qGmfR9CN,0.7655867748108466,-1.2700903063527136,0.28444672239783564,0.3170965318341078,1.39491236868921
qJ51ODpA,-0.16634245343049558,-0.9170583718620237,-1.5692322508949217,1.1351339954621529,-0.7734290719632382
qQX3cs3I,-0.5769228780109883,-2.673944007842835,-0.8676158128810021,-0.48151249889258063,1.6370343256473163
qXeIxPb8,-0.24255458847045686,-0.7262645538444398,-0.6790818187304173,-0.17299676337803688,1.2557171525421134
qYQ4MShM,-0.0279506517531648,1.5327233312604092,-0.10173208760843766,0.6685823644003717,-2.390693607922673
qa0etnhK,-0.9110151889178212,0.7841767773982853,0.7258817016133013,0.5096278826298182,-0.6700660287983977
qbL4sboq,-1.4384077747061605,-3.7799915581195327,-3.1993356207109764,-0.3227097552856222,1.951718381910565
qbYrsWHq,0.8864155124348027,2.015964619215956,2.097349867583363,0.17884811945039605,-0.6144213068449579
r1zmcUqQ,-0.2721928860693579,-0.6102257402857888,1.2833119667560826,-0.2166809237231857,-1.3298472196733175
r54iHeQC,-0.5102520679583591,0.5945029110467936,-0.5403010616666819,-0.04531814612292079,0.04697275858837624
r6xrAnQV,2.6753919319533908,2.2259562857108577,2.323025390900311,-1.6052985463671994,1.8053607245941043
r9HxnQDg,0.08135342215378938,3.2865822061729384,1.4846819860015232,0.012595852452058742,0.6774615142559746
rG8Puuf9,0.8566077210704582,1.2596767488761955,1.3523179360520683,-0.13865596433018224,-0.8854001798512261
rGuiefuR,-0.9669884844166534,-1.3724333181905917,-1.0011201033181405,-0.4175881529738674,-1.6258373301123
rJ19OhGP,-0.5750343107924436,-0.5482196960187905,-0.6640697210115916,-1.0866022032821578,0.10231301209566729
rOCYepHd,-0.047350921307030114,-1.0422065409897279,1.041954815404007,-0.9425714446099099,0.7075054727021579
rQJaOPFI,0.44026718045529567,2.8529131286277662,2.2011167373814744,0.1734140268598962,0.493383965165041
rQhZtZeh,-0.0970223763220438,0.8421277007525443,0.4356416624087829,-1.2006874329413564,0.9802293374909323
rapmok0w,-0.2634052964579333,-0.9878283089654961,-1.5566414332754808,-0.18215399315097552,-0.5941222492603847
rgzfnPVu,-0.6471389359510569,-0.8650677791954876,0.3206957959482607,-1.1781059110839815,1.5656842944320717
ri4qhb1S,-0.5702276406378939,0.5714179391995426,-1.4543247086186528,-0.6150111951762981,1.1511980414058351
rqpFYzff,-0.3971893139305407,4.719918968820073,-2.043950328210031,-0.21428368064680126,0.7946513077142862
rrs22coX,0.19587535597672756,2.876274563588256,1.266694855061223,-0.5328447294918108,1.5490567811255769
sEeUCQLc,-1.0284643468565753,-1.4118839226995883,-0.4808817836585315,-1.1082728008207035,1.3290057583005936
sHScwqQl,-0.9983925559969984,0.9225273812405799,-0.4608301647550901,-1.418588319711831,1.90459817034596
sNC7DiAt,0.1897333254234479,1.2463556907854012,-0.10518783235385121,-0.21269239665390388,1.9145982146305986
sNK2TSs3,-0.08488334202274994,3.1012924192599014,1.0033709104491302,-1.7261496694406784,1.2367860892301992
sO7Su6uw,0.3173174955106822,-0.9794405615931813,-1.1964337533030023,-0.6906365514647098,-0.18747608666064497
sOWZx89o,-0.4870193618796628,0.4609294837884631,-1.4299113704868995,-0.38754761474209376,0.05291197170570905
sPbRcPjC,-0.06362642112932315,0.8139465033102817,-0.004275486636024617,-0.012831428775006093,-0.876282260734853
scVUfTKI,2.660496582664943,8.049716812655946,1.237811019245051,2.9757481944192077,-1.0476466564980855
seRaGeVv,-0.48306738557622286,0.2672345491724321,-0.23596178839273663,-0.3993006387535819,1.672515789757826
sgtwiYWi,-0.4357751481677668,2.02635673159243,-1.250210563601183,0.03958215913349855,-1.7499159839364062
sjmLHcT6,0.0032845700851968918,-0.14713775203468515,-0.7291065997700263,-0.6711961199069971,0.8750037124656039
skZUZZGS,0.28940512038218513,2.512639890674147,0.5083402887695695,-0.2467515653081307,1.2386277471121412
suAmzADX,-1.3808012269482062,-3.363108097929855,-1.4351954419184443,1.3961176593041924,0.9008650220429812
t4GWLqlO,0.3596190432815024,0.25539710989225467,0.9910809376039108,-0.03442197464398217,-0.01227166898196802
t7gy6Jyy,0.02855275540905622,4.350850181919722,4.7231294953442,-1.658493313607667,0.7312141556288905
tBadzH60,1.9652509814943522,-0.9381375973001739,1.5861175409009083,-0.2559100293938211,-1.3600952634518921
tXUWm0hp,-0.13968181125968704,0.8273250302938886,-0.057018907151049514,1.029976453259246,-1.4075662489602583
te6UPPxf,-0.30562543196866204,5.3374026315120116,-0.09332862844355305,-0.2583442681862813,0.18189529357468298
ti2lamkL,0.15433994442679388,-1.1726867912681396,0.9656479284424745,0.2225645526802109,0.3424805930742433
tr0lpwuU,0.6642036215978272,-0.5287788104219321,0.14846733705988313,3.3663623511230827,-1.4592320499913671
ttdB5C73,-0.5391127089937421,1.0975722771734278,-0.954506674411806,-0.04546720932835813,1.3261328872150433
twS8YZu9,-0.6062079737591446,1.9667750222900762,-1.229539387763931,-1.5678461301055817,0.7842469712543774
tx68W34H,-0.5544119299133751,-2.1698413045260234,-0.7353214384051805,0.1400339724288704,-1.3734438342647373
tyQSX4mY,-0.5953698765683804,-1.6537502027336681,-0.4007233368652867,-0.3568904226883175,0.11621087398263219
tylKCRc0,-0.10427925634167123,-0.1436511532748347,0.6334928604994584,-0.8577826675846228,1.0807918436507182
u1544WUo,-0.25016417437131266,1.6932282637099503,-2.503310063767287,-0.42846721610768357,1.1933737848349488
uAw9an0d,-0.3403820305992994,-0.037671628411600544,0.2694148361497733,-0.13445806463177828,-1.023478965954275
uLZAEXMG,2.2710325493029657,1.0328547536042616,1.7047967612296844,-0.5932549645561298,-1.108894115861101
uMwe1s7I,-0.4004322882172432,0.270718091969251,0.8464528123877262,1.5923021017480194,0.19530377624165676
ufhGeV3q,0.35537153958078205,2.059185082829502,-0.03570361926707899,-0.12514927460324282,0.47666462190677583
uhAeGBHo,0.3605329493039976,0.6978251811042235,-1.175339156037986,-0.5217562342840355,-1.0946013411676223
ujHNlqpw,1.1443049609625007,1.379466056131728,0.902535171022191,-0.5727021140316917,-1.1450789392738991
ulV6kuhB,0.0552269697021196,0.4394648550070469,0.4420235244804179,0.059638230245425417,-0.018468564080853678
uohEnNEK,-0.9179221216227951,3.850540472812832,-0.7341927156437837,1.1491743293339176,-0.007386733271657064
v1lhA8I4,-0.26208459109953564,2.00790878136495,0.9912824245421157,-1.2175896272852045,1.3703683237909616
v3JzigLI,-0.15944796316405085,-0.6816494721006113,-0.5265837167891356,-0.9486007111382623,2.276304424352648
v5IwjyIg,-0.508338820911504,1.7147585529978504,-0.2301665803540507,-0.2957550601494138,-2.3498000343854253
v6lp5TK1,-0.37983714017925935,1.3129608463062552,0.1783934482482567,-0.4394842697328073,0.6368572664538639
v8vOaaWq,-0.17133960518029057,0.10630504943241348,-0.8318034681759667,0.7128601022287914,-1.0949950575030383
vAYKtoil,0.013350823526316558,1.0315771835058323,-0.08880921265534414,-0.9020716499801623,-0.8190472440066929
vGTNQa6G,1.8385084036650636,5.385509475732308,2.547141837644177,-0.24886565496150448,-0.01737147515445181
vQzNxHoL,0.5050451367845535,2.326297641608985,-1.0368010366908171,1.0270659927983596,0.22963326967862935
vfZGBUJm,-0.24381898237523214,0.2055651660358978,0.48164473973594774,-1.3183022151748922,0.3585809750231461
vlooVUoT,0.2446037535149005,-0.7855722541562021,-1.2308212731968833,1.3069744461429678,-0.6798446025405118
vrACvd4O,-0.730981829668409,-1.2687912307504279,0.8781082288126997,-0.7374913410248999,0.6279975146251051
w8hdjLwb,-0.22884616662409762,0.5432521647618356,0.019486832878358284,-0.6625479613909863,1.2633184953482677
wAntv4gH,0.9608242243679509,2.443519646476369,2.436516876560606,-0.6715376878289052,1.8117992317791605
wIUL09q0,0.1419929775158485,-1.1244482035406889,-1.0064492073277194,0.06461363429839037,1.1825357456166954
wOzx7Fgz,-0.6361284200106005,-1.1890163064355606,0.6645588708387459,-0.8459487023787909,1.5383314562676256
wPhjhCJQ,-0.11674295375080623,0.21105209018976,-0.03869115331950601,-0.7413207533777229,1.0603582603241526
wQSWWmYB,-0.45341210633924983,1.533919546190727,-1.0195905663797822,0.47104206786815866,2.241128104792648
wdIMrXwy,2.3874628138278897,-0.21150256889427266,1.0583309307336113,-1.7517999308357601,0.2984733686446259
wiL9npQc,-0.17694379324737997,-0.26729851339126387,-0.8869361695658038,-0.37228823605398664,-0.12447527034583916
wnU95Cxn,3.500912496938442,0.9752766465508871,0.28251320189791695,-1.3364533171932718,0.6084673687770602
wpJbbjJs,-0.03586484823439451,-0.23638094599177062,0.683017046529229,-0.5780755615569164,0.8612736222872144
wsOWTAbI,1.1772986241840901,4.376378667274794,2.8056293331538633,0.41823666438075746,-0.34188389644909933
wtdBcU3U,0.05203037572190572,0.36881691705281616,0.6666510759102464,-0.6006905944895553,1.3550577463698874
wuKXVxOc,-0.3884625979014767,-0.39962792939735203,-2.35565652149771,0.03327830905000295,1.9074119365830744
wyzadAt8,-0.10671570819699727,1.7439282367753939,-0.38160990751574364,-1.2080982148640742,0.9147738698792378
wzaKzYwi,0.11657431436547161,1.0188413213837215,3.2334114600151898,-1.6877612437822473,1.179237127873778
x6GCk4EV,-0.0858677596529357,1.082319490223088,-0.6111783536008599,-0.1954996025896254,-0.18759378213058486
x6lUi3vf,0.08684158770597683,1.015632235596153,0.5606163193405815,0.5844391535077165,-1.8693795063360863
x8mwDHv9,-0.8351280407776533,-0.687408441907645,0.31098115547592736,-0.20100898596569683,0.7854549655654163
xIYm6puH,-0.2549893326326148,-0.24304009796844694,0.45304151087556016,0.3922558335011736,-1.9890623607629152
xO6UdpsK,-0.18326424688479692,-1.684829853884675,0.7861306575369116,0.1787501766237401,-2.6457858014124267
xQ2bkOvj,-0.06446165246548174,-1.7497701095747238,1.8539810261687744,1.443682502105533,1.2308179947741742
xeXyDCEQ,1.769619681306732,-0.02059655643334024,1.2291462956625065,0.057101025829242036,-1.157823206225094
xrggHziO,0.07069344260642996,1.2148997705092994,0.1690503294721757,-0.5510905473415222,0.4416066700282137
y1WMCmqQ,-0.5694999815050524,0.9904922839889733,-0.43196519234593733,-0.6442273567410445,-0.34298738609777357
yDngezhM,0.6471821420177969,0.3125484277228391,-1.0287534211572893,-0.29659723024752943,0.960161906395492
yLiFjMD0,0.2894663017148126,2.965858337462974,-0.21606435885649988,-0.773889712954241,2.651118946103563
ySwEBO7w,-0.20446664284524452,4.0898088914778485,0.2506232961784744,-0.01550364890598746,-1.1506968070922012
ydC9UsSm,-0.4297853792159757,-1.8967054179089589,-2.324061476644244,1.1193795871741616,-1.6157702665571319
ydEG4VBd,-0.3469094679241048,1.642997781222384,-1.058938381203533,0.17409944877888883,1.2018451056507562
yf76yWXc,-0.007388380590328536,4.1750193566301705,1.1884732991477862,-0.4194937444239053,1.137506398619292
yg70e63n,0.3975310753633129,1.530997146983748,-0.02006606308054215,0.20960769530682466,1.4473388557575906
ywxtlSKv,-0.3210515529006393,2.804700814605079,0.10757323657789697,-0.6449051850258104,-0.04393690661055494
yzKPQPOR,-1.022984268688585,-3.5041410751621243,1.322120202680896,1.251896338879638,-0.6911325185098602
z5cnOnZ1,-0.907870157365031,-0.6879918109779187,-0.010241227062209535,-0.9311921122426302,0.3955898986409021
zFLkOE0e,0.30408454381910766,1.9709862753424097,1.572719654057239,0.9945549448642129,-1.10580585098841
zGi72mxL,-0.12290002982170345,-0.44559256336343667,0.5256259632855069,-0.3001847799789569,0.16230145494498857
zN925UV3,0.5141908272156465,-1.7200085576884474,-1.3245218846750375,0.5084977696820284,0.6413509800276858
zTy2ih7e,-0.32906520488853075,0.5280404121750636,-1.4231404195151889,-0.7852075532905168,1.2965442719230909
zVFzAutw,-0.4231927521506812,1.481387758742228,-0.3249366387089543,-0.3458497968933927,2.211379899431647
zYxNAkht,-0.16326737140701442,0.5395935618101387,-1.426327309463506,-0.07689437802544724,1.107342347176113
zaWDBai3,-1.0748380487789782,0.7560499307994533,-0.5284860269928637,-0.5842726311489822,1.1561965228411175
zg3u0Zsx,-0.11710878575078498,1.5189362531545179,0.07883433823876207,-0.1364937441465685,0.9060762417993026
zlwLfdsS,-0.19254838311846323,2.438732090562678,1.1720032779605893,2.799697425378452,-1.7566822234781356
zmbKzVfl,0.5519402356906532,0.19108868099350806,-0.7132822212240193,-0.10975497972099779,0.17641915866941554
